average_systolic_pressure (mmHg),average_diastolic_pressure (mmHg),systolic_peaks (mmHg),systolic_peak_times,diastolic_troughs (mmHg),diastolic_trough_times,dicrotic_notches (mmHg),dicrotic_notch_times,MAP (mmHg),average_MAP (mmHg),systole_duration (s),average_systole_duration (s),diastole_duration (s),average_diastole_duration (s),compression_rate,average_compression_rate (compressions/min),pulse_pressure (mmHg),average_pulse_pressure (mmHg),gravitational_condition,compression_depth (cm),hypogravity_parabola
52.72486496333333,28.02163163,58.28103163,2023-08-04 16:16:43.542,26.64703163,2023-08-04 16:16:43.030,53.12303163,2023-08-04 16:16:43.558,36.78436496333333,36.294158066781605,0.528,0.3082666666666666,0.248,0.2697931034482759,0.632,105.3268765133172,31.634,24.703233333333337,hypogravity,4,1
,,53.71103163,2023-08-04 16:16:44.174,26.03603163,2023-08-04 16:16:43.806,45.56603163,2023-08-04 16:16:44.190,35.89436496333333,,0.384,,0.2,,0.576,,27.675,,hypogravity,4,1
,,53.49903163,2023-08-04 16:16:44.750,26.98603163,2023-08-04 16:16:44.390,45.55703163,2023-08-04 16:16:44.774,36.29169829666667,,0.384,,0.208,,0.584,,26.513,,hypogravity,4,1
,,53.77103163,2023-08-04 16:16:45.334,27.68803163,2023-08-04 16:16:44.982,47.72103163,2023-08-04 16:16:45.350,36.90903163,,0.368,,0.208,,0.576,,26.083,,hypogravity,4,1
,,53.80203163,2023-08-04 16:16:45.910,28.47803163,2023-08-04 16:16:45.558,48.06003163,2023-08-04 16:16:45.934,36.88469829666667,,0.376,,0.312,,0.576,,25.324,,hypogravity,4,1
,,53.57003163,2023-08-04 16:16:46.486,28.42603163,2023-08-04 16:16:46.246,47.98603163,2023-08-04 16:16:46.502,36.630698296666665,,0.256,,0.32,,0.56,,25.144,,hypogravity,4,1
,,52.50103163,2023-08-04 16:16:47.046,28.16103163,2023-08-04 16:16:46.822,46.73703163,2023-08-04 16:16:47.078,36.020364963333336,,0.256,,0.2,,0.584,,24.34,,hypogravity,4,1
,,52.09403163,2023-08-04 16:16:47.630,27.78003163,2023-08-04 16:16:47.278,46.42603163,2023-08-04 16:16:47.654,35.78936496333333,,0.376,,0.312,,0.552,,24.314000000000004,,hypogravity,4,1
,,52.17503163,2023-08-04 16:16:48.182,27.63703163,2023-08-04 16:16:47.966,46.19803163,2023-08-04 16:16:48.222,35.853698296666664,,0.256,,0.2,,0.568,,24.538,,hypogravity,4,1
,,51.94103163,2023-08-04 16:16:48.750,27.69303163,2023-08-04 16:16:48.422,46.77603163,2023-08-04 16:16:48.798,36.05636496333333,,0.376,,0.312,,0.568,,24.248,,hypogravity,4,1
,,52.17903163,2023-08-04 16:16:49.318,28.11403163,2023-08-04 16:16:49.110,46.02103163,2023-08-04 16:16:49.366,36.203698296666666,,0.256,,0.312,,0.576,,24.065,,hypogravity,4,1
,,52.27503163,2023-08-04 16:16:49.894,28.21603163,2023-08-04 16:16:49.678,45.41803163,2023-08-04 16:16:49.934,36.21769829666667,,0.256,,0.2,,0.568,,24.059,,hypogravity,4,1
,,52.65103163,2023-08-04 16:16:50.462,28.18903163,2023-08-04 16:16:50.134,45.31103163,2023-08-04 16:16:50.502,36.26969829666666,,0.368,,0.312,,0.56,,24.462,,hypogravity,4,1
,,52.16203163,2023-08-04 16:16:51.022,28.07903163,2023-08-04 16:16:50.814,44.26103163,2023-08-04 16:16:51.070,36.07203163,,0.256,,0.312,,0.568,,24.083,,hypogravity,4,1
,,52.86603163,2023-08-04 16:16:51.590,28.02703163,2023-08-04 16:16:51.382,44.65703163,2023-08-04 16:16:51.638,36.47336496333333,,0.256,,0.312,,0.568,,24.839,,hypogravity,4,1
,,52.88203163,2023-08-04 16:16:52.158,28.27703163,2023-08-04 16:16:51.950,44.00703163,2023-08-04 16:16:52.206,36.58003162999999,,0.256,,0.296,,0.568,,24.605,,hypogravity,4,1
,,52.37603163,2023-08-04 16:16:52.726,28.42903163,2023-08-04 16:16:52.502,44.76903163,2023-08-04 16:16:52.766,36.26136496333333,,0.264,,0.296,,0.568,,23.947,,hypogravity,4,1
,,51.98503163,2023-08-04 16:16:53.294,28.20403163,2023-08-04 16:16:53.062,43.93503163,2023-08-04 16:16:53.334,36.17836496333333,,0.272,,0.312,,0.56,,23.781,,hypogravity,4,1
,,51.97403163,2023-08-04 16:16:53.854,28.27503163,2023-08-04 16:16:53.646,43.22503163,2023-08-04 16:16:53.902,36.23669829666666,,0.256,,0.312,,0.568,,23.699,,hypogravity,4,1
,,52.02303163,2023-08-04 16:16:54.422,28.36803163,2023-08-04 16:16:54.214,43.61803163,2023-08-04 16:16:54.470,36.22769829666667,,0.256,,0.28,,0.568,,23.655,,hypogravity,4,1
,,52.74203163,2023-08-04 16:16:54.990,28.33003163,2023-08-04 16:16:54.750,44.01003163,2023-08-04 16:16:55.030,36.47003163,,0.28,,0.312,,0.56,,24.412,,hypogravity,4,1
,,51.89303163,2023-08-04 16:16:55.550,28.33403163,2023-08-04 16:16:55.342,43.11103163,2023-08-04 16:16:55.598,36.17703163,,0.256,,0.232,,0.568,,23.559000000000005,,hypogravity,4,1
,,52.10503163,2023-08-04 16:16:56.118,28.31903163,2023-08-04 16:16:55.830,44.10503163,2023-08-04 16:16:56.158,36.14103163,,0.328,,0.32,,0.568,,23.786,,hypogravity,4,1
,,52.49503163,2023-08-04 16:16:56.686,28.15903163,2023-08-04 16:16:56.478,43.62403163,2023-08-04 16:16:56.726,36.33703163,,0.248,,0.2,,0.56,,24.336,,hypogravity,4,1
,,52.11503163,2023-08-04 16:16:57.246,28.25803163,2023-08-04 16:16:56.926,43.70003163,2023-08-04 16:16:57.294,36.24769829666666,,0.368,,0.2,,0.568,,23.857,,hypogravity,4,1
,,51.87503163,2023-08-04 16:16:57.814,28.31403163,2023-08-04 16:16:57.494,43.06903163,2023-08-04 16:16:57.854,36.22703163,,0.36,,0.312,,0.56,,23.561000000000003,,hypogravity,4,1
,,52.69703163,2023-08-04 16:16:58.374,28.40303163,2023-08-04 16:16:58.166,43.65603163,2023-08-04 16:16:58.422,36.42036496333333,,0.256,,0.232,,0.56,,24.294,,hypogravity,4,1
,,52.24203163,2023-08-04 16:16:58.934,28.28203163,2023-08-04 16:16:58.654,43.39403163,2023-08-04 16:16:58.982,36.34136496333333,,0.328,,0.312,,0.568,,23.96,,hypogravity,4,1
,,52.70503163,2023-08-04 16:16:59.502,28.39103163,2023-08-04 16:16:59.294,43.45703163,2023-08-04 16:16:59.542,36.33369829666667,,0.248,,0.24,,0.56,,24.314,,hypogravity,4,1
,,52.15803163,2023-08-04 16:17:00.062,28.14803163,2023-08-04 16:16:59.782,43.91103163,2023-08-04 16:17:00.102,,,0.32,,,,,,24.010000000000005,,hypogravity,4,1
49.20057708454545,26.62200132696969,47.07103163,2023-08-04 16:27:08.958,25.77003163,2023-08-04 16:27:08.710,39.47603163,2023-08-04 16:27:08.974,32.39036496333333,34.170927463333335,0.264,0.3001212121212121,0.328,0.26525,0.552,106.05391073795846,21.301,22.57857575757576,hypogravity,4,2
,,47.44303163,2023-08-04 16:27:09.510,25.05003163,2023-08-04 16:27:09.302,39.53903163,2023-08-04 16:27:09.558,32.47103163,,0.256,,0.224,,0.568,,22.393,,hypogravity,4,2
,,47.48003163,2023-08-04 16:27:10.078,24.98503163,2023-08-04 16:27:09.782,40.32103163,2023-08-04 16:27:10.126,32.57669829666666,,0.344,,0.232,,0.576,,22.495,,hypogravity,4,2
,,47.68303163,2023-08-04 16:27:10.654,25.12503163,2023-08-04 16:27:10.358,39.78803163,2023-08-04 16:27:10.702,33.04103163,,0.344,,0.224,,0.576,,22.558000000000003,,hypogravity,4,2
,,47.91103163,2023-08-04 16:27:11.230,25.72003163,2023-08-04 16:27:10.926,40.15503163,2023-08-04 16:27:11.278,33.535698296666666,,0.352,,0.224,,0.576,,22.190999999999995,,hypogravity,4,2
,,49.22103163,2023-08-04 16:27:11.806,26.34803163,2023-08-04 16:27:11.502,41.10703163,2023-08-04 16:27:11.846,34.411698296666664,,0.344,,0.224,,0.568,,22.873,,hypogravity,4,2
,,49.30403163,2023-08-04 16:27:12.374,27.00703163,2023-08-04 16:27:12.070,41.34803163,2023-08-04 16:27:12.422,34.65669829666666,,0.352,,0.216,,0.568,,22.297,,hypogravity,4,2
,,49.34303163,2023-08-04 16:27:12.942,27.33303163,2023-08-04 16:27:12.638,40.99603163,2023-08-04 16:27:12.990,34.70969829666666,,0.352,,0.224,,0.568,,22.01,,hypogravity,4,2
,,49.33903163,2023-08-04 16:27:13.510,27.39303163,2023-08-04 16:27:13.214,40.88603163,2023-08-04 16:27:13.558,34.25036496333333,,0.344,,0.224,,0.576,,21.946,,hypogravity,4,2
,,48.87303163,2023-08-04 16:27:14.086,26.70603163,2023-08-04 16:27:13.782,40.41603163,2023-08-04 16:27:14.126,34.026364963333336,,0.344,,0.28,,0.568,,22.167,,hypogravity,4,2
,,49.33303163,2023-08-04 16:27:14.654,26.60303163,2023-08-04 16:27:14.406,40.18203163,2023-08-04 16:27:14.694,34.27103163,,0.288,,0.32,,0.56,,22.73,,hypogravity,4,2
,,52.60103163,2023-08-04 16:27:15.214,26.74003163,2023-08-04 16:27:15.014,38.56103163,2023-08-04 16:27:15.262,35.247031629999995,,0.248,,0.312,,0.568,,25.861,,hypogravity,4,2
,,53.06703163,2023-08-04 16:27:15.782,26.57003163,2023-08-04 16:27:15.574,40.80403163,2023-08-04 16:27:15.830,35.58703163,,0.256,,0.32,,0.568,,26.497000000000003,,hypogravity,4,2
,,48.41603163,2023-08-04 16:27:16.350,26.84703163,2023-08-04 16:27:16.150,40.08003163,2023-08-04 16:27:16.398,34.10269829666666,,0.248,,0.232,,0.568,,21.569,,hypogravity,4,2
,,48.94003163,2023-08-04 16:27:16.918,26.94603163,2023-08-04 16:27:16.630,39.83703163,2023-08-04 16:27:16.958,34.27203163,,0.328,,0.304,,0.56,,21.994,,hypogravity,4,2
,,52.16003163,2023-08-04 16:27:17.478,26.93803163,2023-08-04 16:27:17.262,38.89703163,2023-08-04 16:27:17.526,34.93803163,,0.264,,0.32,,0.576,,25.222,,hypogravity,4,2
,,50.97203163,2023-08-04 16:27:18.054,26.32703163,2023-08-04 16:27:17.846,41.34203163,2023-08-04 16:27:18.094,34.54469829666667,,0.248,,0.304,,0.56,,24.645,,hypogravity,4,2
,,49.78803163,2023-08-04 16:27:18.614,26.33103163,2023-08-04 16:27:18.398,40.01203163,2023-08-04 16:27:18.662,34.45269829666667,,0.264,,0.304,,0.568,,23.457,,hypogravity,4,2
,,49.60403163,2023-08-04 16:27:19.182,26.78503163,2023-08-04 16:27:18.966,39.02203163,2023-08-04 16:27:19.222,34.44736496333333,,0.256,,0.304,,0.56,,22.819000000000003,,hypogravity,4,2
,,49.41203163,2023-08-04 16:27:19.742,26.86903163,2023-08-04 16:27:19.526,39.73603163,2023-08-04 16:27:19.790,34.41203163,,0.264,,0.224,,0.568,,22.543000000000003,,hypogravity,4,2
,,48.62103163,2023-08-04 16:27:20.310,26.91203163,2023-08-04 16:27:20.014,39.55403163,2023-08-04 16:27:20.350,34.241031629999995,,0.336,,0.224,,0.56,,21.709,,hypogravity,4,2
,,48.50103163,2023-08-04 16:27:20.870,27.05103163,2023-08-04 16:27:20.574,41.28103163,2023-08-04 16:27:20.918,34.02303163,,0.344,,0.288,,0.56,,21.45,,hypogravity,4,2
,,48.65603163,2023-08-04 16:27:21.430,26.78403163,2023-08-04 16:27:21.206,39.52403163,2023-08-04 16:27:21.478,34.24469829666667,,0.272,,0.224,,0.568,,21.872,,hypogravity,4,2
,,48.67803163,2023-08-04 16:27:21.998,27.03903163,2023-08-04 16:27:21.702,41.00503163,2023-08-04 16:27:22.038,34.26936496333333,,0.336,,0.232,,0.56,,21.639,,hypogravity,4,2
,,48.72303163,2023-08-04 16:27:22.558,27.06503163,2023-08-04 16:27:22.270,39.83703163,2023-08-04 16:27:22.606,34.29169829666667,,0.336,,0.232,,0.56,,21.658,,hypogravity,4,2
,,48.36203163,2023-08-04 16:27:23.118,27.07603163,2023-08-04 16:27:22.838,40.19803163,2023-08-04 16:27:23.166,34.12936496333333,,0.328,,0.232,,0.568,,21.286,,hypogravity,4,2
,,49.57603163,2023-08-04 16:27:23.686,27.01303163,2023-08-04 16:27:23.398,39.62903163,2023-08-04 16:27:23.734,34.50469829666667,,0.336,,0.224,,0.568,,22.563,,hypogravity,4,2
,,49.47303163,2023-08-04 16:27:24.254,26.96903163,2023-08-04 16:27:23.958,39.55603163,2023-08-04 16:27:24.294,34.40903163,,0.336,,0.312,,0.56,,22.504,,hypogravity,4,2
,,49.14403163,2023-08-04 16:27:24.814,26.87703163,2023-08-04 16:27:24.606,39.77703163,2023-08-04 16:27:24.854,34.19803163,,0.248,,0.312,,0.56,,22.267,,hypogravity,4,2
,,49.31303163,2023-08-04 16:27:25.374,26.72503163,2023-08-04 16:27:25.166,40.69403163,2023-08-04 16:27:25.422,34.357031629999994,,0.256,,0.288,,0.56,,22.588,,hypogravity,4,2
,,49.25203163,2023-08-04 16:27:25.934,26.87903163,2023-08-04 16:27:25.710,40.07903163,2023-08-04 16:27:25.982,34.32203163,,0.272,,0.288,,0.568,,22.373,,hypogravity,4,2
,,48.63603163,2023-08-04 16:27:26.502,26.85703163,2023-08-04 16:27:26.270,40.52603163,2023-08-04 16:27:26.542,34.13536496333333,,0.272,,0.288,,0.56,,21.779,,hypogravity,4,2
,,48.72203163,2023-08-04 16:27:27.062,26.88503163,2023-08-04 16:27:26.830,41.20803163,2023-08-04 16:27:27.102,,,0.272,,,,,,21.837,,hypogravity,4,2
46.88451550096774,24.784838081612897,48.96603163,2023-08-04 16:41:08.502,22.93503163,2023-08-04 16:41:08.286,38.73503163,2023-08-04 16:41:08.550,30.948698296666667,32.19089829666667,0.264,0.3024516129032259,0.32,0.2637333333333334,0.608,105.73308270676694,26.031,22.099677419354844,hypogravity,4,3
,,47.01303163,2023-08-04 16:41:09.110,21.94003163,2023-08-04 16:41:08.870,39.51103163,2023-08-04 16:41:09.134,30.29236496333333,,0.264,,0.312,,0.544,,25.073,,hypogravity,4,3
,,44.40203163,2023-08-04 16:41:09.654,21.93203163,2023-08-04 16:41:09.446,35.37103163,2023-08-04 16:41:09.710,30.050698296666667,,0.264,,0.312,,0.584,,22.47,,hypogravity,4,3
,,44.97303163,2023-08-04 16:41:10.238,22.87503163,2023-08-04 16:41:10.022,37.14403163,2023-08-04 16:41:10.286,30.64303163,,0.264,,0.32,,0.568,,22.098000000000003,,hypogravity,4,3
,,46.37603163,2023-08-04 16:41:10.806,23.47803163,2023-08-04 16:41:10.606,37.26703163,2023-08-04 16:41:10.854,31.46536496333333,,0.248,,0.32,,0.576,,22.898,,hypogravity,4,3
,,45.37803163,2023-08-04 16:41:11.382,24.01003163,2023-08-04 16:41:11.174,37.87903163,2023-08-04 16:41:11.430,31.52603163,,0.256,,0.312,,0.576,,21.368,,hypogravity,4,3
,,46.19103163,2023-08-04 16:41:11.958,24.60003163,2023-08-04 16:41:11.742,38.80403163,2023-08-04 16:41:12.006,32.04969829666666,,0.264,,0.312,,0.568,,21.591,,hypogravity,4,3
,,47.88803163,2023-08-04 16:41:12.526,24.97903163,2023-08-04 16:41:12.318,38.39603163,2023-08-04 16:41:12.574,33.05136496333333,,0.256,,0.224,,0.576,,22.909,,hypogravity,4,3
,,49.91203163,2023-08-04 16:41:13.102,25.63303163,2023-08-04 16:41:12.798,37.89403163,2023-08-04 16:41:13.142,33.65203163,,0.344,,0.28,,0.568,,24.279,,hypogravity,4,3
,,46.68303163,2023-08-04 16:41:13.670,25.52203163,2023-08-04 16:41:13.422,38.96303163,2023-08-04 16:41:13.710,32.20036496333333,,0.288,,0.32,,0.56,,21.161,,hypogravity,4,3
,,47.07303163,2023-08-04 16:41:14.230,24.95903163,2023-08-04 16:41:14.030,38.31603163,2023-08-04 16:41:14.278,32.21636496333333,,0.248,,0.224,,0.576,,22.114000000000004,,hypogravity,4,3
,,46.55803163,2023-08-04 16:41:14.806,24.78803163,2023-08-04 16:41:14.502,37.74103163,2023-08-04 16:41:14.846,32.24003163,,0.344,,0.232,,0.56,,21.770000000000003,,hypogravity,4,3
,,45.74203163,2023-08-04 16:41:15.366,25.08103163,2023-08-04 16:41:15.078,39.30603163,2023-08-04 16:41:15.414,31.85136496333333,,0.336,,0.312,,0.576,,20.661,,hypogravity,4,3
,,46.42203163,2023-08-04 16:41:15.942,24.90603163,2023-08-04 16:41:15.726,37.12203163,2023-08-04 16:41:15.982,32.23269829666667,,0.256,,0.232,,0.56,,21.516,,hypogravity,4,3
,,46.39303163,2023-08-04 16:41:16.502,25.13803163,2023-08-04 16:41:16.214,37.24703163,2023-08-04 16:41:16.550,32.25636496333333,,0.336,,0.312,,0.568,,21.255000000000003,,hypogravity,4,3
,,47.08903163,2023-08-04 16:41:17.070,25.18803163,2023-08-04 16:41:16.862,37.42803163,2023-08-04 16:41:17.118,32.54169829666667,,0.256,,0.224,,0.568,,21.901,,hypogravity,4,3
,,47.86903163,2023-08-04 16:41:17.638,25.26803163,2023-08-04 16:41:17.342,37.71403163,2023-08-04 16:41:17.678,32.843698296666666,,0.336,,0.312,,0.56,,22.601000000000003,,hypogravity,4,3
,,47.38603163,2023-08-04 16:41:18.198,25.33103163,2023-08-04 16:41:17.990,36.66803163,2023-08-04 16:41:18.246,32.80603163,,0.256,,0.312,,0.568,,22.055,,hypogravity,4,3
,,47.03703163,2023-08-04 16:41:18.766,25.51603163,2023-08-04 16:41:18.558,37.19103163,2023-08-04 16:41:18.814,32.55836496333333,,0.256,,0.224,,0.568,,21.521,,hypogravity,4,3
,,46.75303163,2023-08-04 16:41:19.334,25.31903163,2023-08-04 16:41:19.038,37.17703163,2023-08-04 16:41:19.374,32.49436496333333,,0.336,,0.232,,0.56,,21.434,,hypogravity,4,3
,,46.90903163,2023-08-04 16:41:19.894,25.36503163,2023-08-04 16:41:19.606,37.00303163,2023-08-04 16:41:19.942,32.45236496333333,,0.336,,0.224,,0.56,,21.544,,hypogravity,4,3
,,46.81603163,2023-08-04 16:41:20.454,25.22403163,2023-08-04 16:41:20.166,36.80603163,2023-08-04 16:41:20.502,32.55803163,,0.336,,0.224,,0.568,,21.592,,hypogravity,4,3
,,46.51603163,2023-08-04 16:41:21.022,25.42903163,2023-08-04 16:41:20.726,36.68403163,2023-08-04 16:41:21.070,32.44936496333333,,0.344,,0.224,,0.568,,21.087,,hypogravity,4,3
,,46.88303163,2023-08-04 16:41:21.590,25.41603163,2023-08-04 16:41:21.294,37.46803163,2023-08-04 16:41:21.630,32.42503162999999,,0.336,,0.232,,0.56,,21.467,,hypogravity,4,3
,,47.30103163,2023-08-04 16:41:22.150,25.19603163,2023-08-04 16:41:21.862,37.86803163,2023-08-04 16:41:22.198,32.54836496333333,,0.336,,0.224,,0.56,,22.105,,hypogravity,4,3
,,46.91103163,2023-08-04 16:41:22.710,25.17203163,2023-08-04 16:41:22.422,37.79903163,2023-08-04 16:41:22.758,32.64303163,,0.336,,0.232,,0.568,,21.739,,hypogravity,4,3
,,47.27603163,2023-08-04 16:41:23.278,25.50903163,2023-08-04 16:41:22.990,38.55503163,2023-08-04 16:41:23.326,32.70736496333333,,0.336,,0.224,,0.56,,21.767,,hypogravity,4,3
,,47.02003163,2023-08-04 16:41:23.838,25.42303163,2023-08-04 16:41:23.550,37.39203163,2023-08-04 16:41:23.886,32.67603163,,0.336,,0.224,,0.568,,21.597,,hypogravity,4,3
,,47.33403163,2023-08-04 16:41:24.406,25.50403163,2023-08-04 16:41:24.110,38.09003163,2023-08-04 16:41:24.446,32.73336496333333,,0.336,,0.224,,0.56,,21.83,,hypogravity,4,3
,,47.32003163,2023-08-04 16:41:24.966,25.43303163,2023-08-04 16:41:24.670,38.65203163,2023-08-04 16:41:25.006,32.61336496333333,,0.336,,0.232,,0.56,,21.887000000000004,,hypogravity,4,3
,,47.02903163,2023-08-04 16:41:25.526,25.26003163,2023-08-04 16:41:25.238,37.81903163,2023-08-04 16:41:25.574,,,0.336,,,,,,21.769,,hypogravity,4,3
45.44221344818182,23.41178920575757,45.67003163,2023-08-04 16:49:56.070,21.25803163,2023-08-04 16:49:55.854,35.50403163,2023-08-04 16:49:56.118,29.24736496333333,30.79511496333333,0.264,0.3170909090909091,0.312,0.24775,0.576,105.9135039717564,24.411999999999995,22.03042424242424,hypogravity,4,4
,,45.92403163,2023-08-04 16:49:56.646,21.03603163,2023-08-04 16:49:56.430,32.36403163,2023-08-04 16:49:56.694,29.136698296666665,,0.264,,0.184,,0.584,,24.888,,hypogravity,4,4
,,45.40903163,2023-08-04 16:49:57.230,20.74303163,2023-08-04 16:49:56.878,35.27603163,2023-08-04 16:49:57.270,28.128364963333333,,0.392,,0.176,,0.568,,24.666,,hypogravity,4,4
,,49.45403163,2023-08-04 16:49:57.798,19.48803163,2023-08-04 16:49:57.446,38.06903163,2023-08-04 16:49:57.846,30.31803163,,0.4,,0.152,,0.576,,29.966000000000005,,hypogravity,4,4
,,47.68603163,2023-08-04 16:49:58.374,20.75003163,2023-08-04 16:49:57.998,39.02603163,2023-08-04 16:49:58.414,30.358698296666667,,0.416,,0.152,,0.568,,26.936000000000003,,hypogravity,4,4
,,45.93403163,2023-08-04 16:49:58.942,21.69503163,2023-08-04 16:49:58.566,37.75103163,2023-08-04 16:49:58.990,30.21403163,,0.424,,0.296,,0.568,,24.239,,hypogravity,4,4
,,43.49803163,2023-08-04 16:49:59.510,22.35403163,2023-08-04 16:49:59.286,36.74503163,2023-08-04 16:49:59.558,30.024698296666664,,0.272,,0.312,,0.576,,21.144,,hypogravity,4,4
,,45.57603163,2023-08-04 16:50:00.086,23.28803163,2023-08-04 16:49:59.870,36.73903163,2023-08-04 16:50:00.134,30.986698296666667,,0.264,,0.224,,0.568,,22.288000000000004,,hypogravity,4,4
,,45.87403163,2023-08-04 16:50:00.654,23.69203163,2023-08-04 16:50:00.358,37.09203163,2023-08-04 16:50:00.702,31.24936496333333,,0.344,,0.224,,0.568,,22.182,,hypogravity,4,4
,,46.43003163,2023-08-04 16:50:01.222,23.93703163,2023-08-04 16:50:00.926,36.43503163,2023-08-04 16:50:01.270,31.46136496333333,,0.344,,0.224,,0.568,,22.493,,hypogravity,4,4
,,45.59703163,2023-08-04 16:50:01.790,23.97703163,2023-08-04 16:50:01.494,36.26103163,2023-08-04 16:50:01.838,31.15436496333333,,0.344,,0.312,,0.568,,21.62,,hypogravity,4,4
,,44.67403163,2023-08-04 16:50:02.358,23.93303163,2023-08-04 16:50:02.150,36.18303163,2023-08-04 16:50:02.406,30.66203163,,0.256,,0.312,,0.568,,20.741000000000003,,hypogravity,4,4
,,44.83503163,2023-08-04 16:50:02.926,23.65603163,2023-08-04 16:50:02.718,36.17403163,2023-08-04 16:50:02.974,30.81836496333333,,0.256,,0.312,,0.568,,21.179,,hypogravity,4,4
,,45.22603163,2023-08-04 16:50:03.494,23.81003163,2023-08-04 16:50:03.286,35.88003163,2023-08-04 16:50:03.534,31.05403163,,0.248,,0.296,,0.568,,21.416,,hypogravity,4,4
,,45.31003163,2023-08-04 16:50:04.062,23.96803163,2023-08-04 16:50:03.830,35.48403163,2023-08-04 16:50:04.102,31.160698296666663,,0.272,,0.304,,0.56,,21.342,,hypogravity,4,4
,,44.98703163,2023-08-04 16:50:04.622,24.08603163,2023-08-04 16:50:04.406,35.47103163,2023-08-04 16:50:04.670,31.042364963333327,,0.264,,0.312,,0.568,,20.901,,hypogravity,4,4
,,45.36603163,2023-08-04 16:50:05.190,24.07003163,2023-08-04 16:50:04.982,35.79903163,2023-08-04 16:50:05.230,31.126698296666667,,0.248,,0.232,,0.56,,21.296000000000003,,hypogravity,4,4
,,44.29503163,2023-08-04 16:50:05.750,24.00703163,2023-08-04 16:50:05.462,34.44903163,2023-08-04 16:50:05.798,30.90103163,,0.336,,0.312,,0.568,,20.288,,hypogravity,4,4
,,45.24103163,2023-08-04 16:50:06.318,24.20403163,2023-08-04 16:50:06.110,35.44703163,2023-08-04 16:50:06.366,31.28303163,,0.256,,0.224,,0.56,,21.037000000000003,,hypogravity,4,4
,,43.40203163,2023-08-04 16:50:06.878,24.30403163,2023-08-04 16:50:06.590,34.27803163,2023-08-04 16:50:06.926,30.49736496333333,,0.336,,0.232,,0.568,,19.098000000000003,,hypogravity,4,4
,,46.47703163,2023-08-04 16:50:07.446,24.04503163,2023-08-04 16:50:07.158,34.91403163,2023-08-04 16:50:07.494,31.689698296666663,,0.336,,0.224,,0.56,,22.432,,hypogravity,4,4
,,44.78403163,2023-08-04 16:50:08.006,24.29603163,2023-08-04 16:50:07.718,34.52803163,2023-08-04 16:50:08.054,31.08403163,,0.336,,0.232,,0.568,,20.488,,hypogravity,4,4
,,45.21703163,2023-08-04 16:50:08.574,24.23403163,2023-08-04 16:50:08.286,35.55903163,2023-08-04 16:50:08.622,31.221698296666663,,0.336,,0.224,,0.56,,20.983,,hypogravity,4,4
,,44.90403163,2023-08-04 16:50:09.134,24.22403163,2023-08-04 16:50:08.846,35.12803163,2023-08-04 16:50:09.182,31.09336496333333,,0.336,,0.232,,0.568,,20.68,,hypogravity,4,4
,,45.48503163,2023-08-04 16:50:09.702,24.18803163,2023-08-04 16:50:09.414,35.26403163,2023-08-04 16:50:09.742,31.36236496333333,,0.328,,0.232,,0.56,,21.297,,hypogravity,4,4
,,45.28003163,2023-08-04 16:50:10.262,24.30103163,2023-08-04 16:50:09.974,34.67603163,2023-08-04 16:50:10.310,31.174698296666666,,0.336,,0.224,,0.56,,20.979000000000003,,hypogravity,4,4
,,44.75203163,2023-08-04 16:50:10.822,24.12203163,2023-08-04 16:50:10.534,35.33103163,2023-08-04 16:50:10.870,31.12003163,,0.336,,0.312,,0.568,,20.63,,hypogravity,4,4
,,45.23903163,2023-08-04 16:50:11.390,24.30403163,2023-08-04 16:50:11.182,35.94303163,2023-08-04 16:50:11.430,31.198364963333333,,0.248,,0.232,,0.56,,20.935,,hypogravity,4,4
,,45.02503163,2023-08-04 16:50:11.950,24.17803163,2023-08-04 16:50:11.662,35.17203163,2023-08-04 16:50:11.998,31.113031629999995,,0.336,,0.224,,0.56,,20.847,,hypogravity,4,4
,,45.33603163,2023-08-04 16:50:12.510,24.15703163,2023-08-04 16:50:12.222,35.47303163,2023-08-04 16:50:12.558,31.168698296666665,,0.336,,0.232,,0.568,,21.179,,hypogravity,4,4
,,45.52903163,2023-08-04 16:50:13.078,24.08503163,2023-08-04 16:50:12.790,36.05803163,2023-08-04 16:50:13.118,31.329698296666663,,0.328,,0.232,,0.56,,21.444,,hypogravity,4,4
,,45.25203163,2023-08-04 16:50:13.638,24.23003163,2023-08-04 16:50:13.350,36.62803163,2023-08-04 16:50:13.686,31.062698296666664,,0.336,,0.224,,0.56,,21.022,,hypogravity,4,4
,,45.92403163,2023-08-04 16:50:14.198,23.96803163,2023-08-04 16:50:13.910,35.43603163,2023-08-04 16:50:14.246,,,0.336,,,,,,21.956000000000003,,hypogravity,4,4
44.95880582354837,24.317160662258065,42.35503163,2023-08-04 16:58:50.534,21.47603163,2023-08-04 16:58:50.334,34.75303163,2023-08-04 16:58:50.590,29.155698296666664,31.261153852222225,0.256,0.2934193548387097,0.32,0.2714666666666667,0.584,105.88235294117648,20.879,20.64164516129032,hypogravity,4,5
,,47.76503163,2023-08-04 16:58:51.118,22.55603163,2023-08-04 16:58:50.910,35.32003163,2023-08-04 16:58:51.166,31.31703163,,0.256,,0.312,,0.6,,25.209000000000003,,hypogravity,4,5
,,45.03003163,2023-08-04 16:58:51.718,23.09303163,2023-08-04 16:58:51.478,36.45903163,2023-08-04 16:58:51.734,30.980698296666667,,0.256,,0.232,,0.56,,21.937000000000005,,hypogravity,4,5
,,43.90103163,2023-08-04 16:58:52.278,23.95603163,2023-08-04 16:58:51.966,37.43003163,2023-08-04 16:58:52.310,30.85503163,,0.344,,0.24,,0.56,,19.945,,hypogravity,4,5
,,44.80303163,2023-08-04 16:58:52.838,24.33203163,2023-08-04 16:58:52.550,37.16003163,2023-08-04 16:58:52.878,31.197698296666665,,0.328,,0.32,,0.568,,20.471,,hypogravity,4,5
,,44.74503163,2023-08-04 16:58:53.406,24.39503163,2023-08-04 16:58:53.198,36.71503163,2023-08-04 16:58:53.454,30.98836496333333,,0.256,,0.32,,0.568,,20.35,,hypogravity,4,5
,,45.04903163,2023-08-04 16:58:53.974,24.11003163,2023-08-04 16:58:53.774,36.47803163,2023-08-04 16:58:54.022,31.19436496333333,,0.248,,0.312,,0.568,,20.939,,hypogravity,4,5
,,44.50603163,2023-08-04 16:58:54.542,24.26703163,2023-08-04 16:58:54.334,37.12803163,2023-08-04 16:58:54.590,30.27003163,,0.256,,0.192,,0.576,,20.239,,hypogravity,4,5
,,47.70503163,2023-08-04 16:58:55.118,23.15203163,2023-08-04 16:58:54.782,40.09703163,2023-08-04 16:58:55.158,32.04369829666666,,0.376,,0.32,,0.56,,24.553,,hypogravity,4,5
,,44.03703163,2023-08-04 16:58:55.678,24.21303163,2023-08-04 16:58:55.478,36.67303163,2023-08-04 16:58:55.726,31.019698296666668,,0.248,,0.336,,0.576,,19.824,,hypogravity,4,5
,,43.82103163,2023-08-04 16:58:56.254,24.51103163,2023-08-04 16:58:56.062,37.42003163,2023-08-04 16:58:56.294,30.915698296666665,,0.232,,0.312,,0.56,,19.31,,hypogravity,4,5
,,44.17103163,2023-08-04 16:58:56.814,24.46303163,2023-08-04 16:58:56.606,35.10803163,2023-08-04 16:58:56.862,30.98903163,,0.256,,0.32,,0.568,,19.708,,hypogravity,4,5
,,43.60603163,2023-08-04 16:58:57.382,24.39803163,2023-08-04 16:58:57.182,34.79603163,2023-08-04 16:58:57.430,30.854698296666665,,0.248,,0.312,,0.568,,19.208,,hypogravity,4,5
,,46.63103163,2023-08-04 16:58:57.950,24.47903163,2023-08-04 16:58:57.742,35.47003163,2023-08-04 16:58:57.998,31.96903163,,0.256,,0.312,,0.568,,22.152,,hypogravity,4,5
,,44.80803163,2023-08-04 16:58:58.518,24.63803163,2023-08-04 16:58:58.310,35.44003163,2023-08-04 16:58:58.558,31.36403163,,0.248,,0.312,,0.56,,20.17,,hypogravity,4,5
,,45.87603163,2023-08-04 16:58:59.078,24.64203163,2023-08-04 16:58:58.870,35.42403163,2023-08-04 16:58:59.126,31.69203163,,0.256,,0.312,,0.568,,21.234,,hypogravity,4,5
,,45.19103163,2023-08-04 16:58:59.646,24.60003163,2023-08-04 16:58:59.438,36.22603163,2023-08-04 16:58:59.694,31.53636496333333,,0.256,,0.304,,0.56,,20.591,,hypogravity,4,5
,,44.65703163,2023-08-04 16:59:00.206,24.70903163,2023-08-04 16:58:59.998,34.88703163,2023-08-04 16:59:00.254,31.323698296666663,,0.256,,0.232,,0.568,,19.948,,hypogravity,4,5
,,45.25403163,2023-08-04 16:59:00.774,24.65703163,2023-08-04 16:59:00.486,35.11803163,2023-08-04 16:59:00.822,31.58203163,,0.336,,0.232,,0.568,,20.597,,hypogravity,4,5
,,45.59003163,2023-08-04 16:59:01.342,24.74603163,2023-08-04 16:59:01.054,35.36603163,2023-08-04 16:59:01.382,31.73536496333333,,0.328,,0.232,,0.56,,20.844,,hypogravity,4,5
,,44.83003163,2023-08-04 16:59:01.902,24.80803163,2023-08-04 16:59:01.614,35.52703163,2023-08-04 16:59:01.950,31.53203163,,0.336,,0.224,,0.568,,20.022,,hypogravity,4,5
,,45.68903163,2023-08-04 16:59:02.470,24.88303163,2023-08-04 16:59:02.174,35.03203163,2023-08-04 16:59:02.510,31.70836496333333,,0.336,,0.232,,0.56,,20.806,,hypogravity,4,5
,,45.82203163,2023-08-04 16:59:03.030,24.71803163,2023-08-04 16:59:02.742,35.26103163,2023-08-04 16:59:03.078,31.74203163,,0.336,,0.224,,0.568,,21.104,,hypogravity,4,5
,,44.02203163,2023-08-04 16:59:03.598,24.70203163,2023-08-04 16:59:03.302,34.21703163,2023-08-04 16:59:03.638,31.256698296666663,,0.336,,0.232,,0.56,,19.32,,hypogravity,4,5
,,43.82803163,2023-08-04 16:59:04.158,24.87403163,2023-08-04 16:59:03.870,34.62403163,2023-08-04 16:59:04.198,31.066698296666665,,0.328,,0.232,,0.56,,18.954,,hypogravity,4,5
,,45.33703163,2023-08-04 16:59:04.718,24.68603163,2023-08-04 16:59:04.430,35.13803163,2023-08-04 16:59:04.766,31.61636496333333,,0.336,,0.224,,0.568,,20.651,,hypogravity,4,5
,,45.35803163,2023-08-04 16:59:05.286,24.75603163,2023-08-04 16:59:04.990,34.95903163,2023-08-04 16:59:05.326,31.669364963333333,,0.336,,0.232,,0.56,,20.602,,hypogravity,4,5
,,45.31603163,2023-08-04 16:59:05.846,24.82503163,2023-08-04 16:59:05.558,36.03303163,2023-08-04 16:59:05.886,31.59603163,,0.328,,0.224,,0.56,,20.491,,hypogravity,4,5
,,45.42403163,2023-08-04 16:59:06.406,24.73603163,2023-08-04 16:59:06.110,35.26303163,2023-08-04 16:59:06.454,31.701364963333333,,0.344,,0.224,,0.56,,20.688,,hypogravity,4,5
,,43.66403163,2023-08-04 16:59:06.966,24.84003163,2023-08-04 16:59:06.678,34.24603163,2023-08-04 16:59:07.014,30.96136496333333,,0.336,,0.312,,0.568,,18.824,,hypogravity,4,5
,,44.93103163,2023-08-04 16:59:07.534,24.61003163,2023-08-04 16:59:07.326,36.06303163,2023-08-04 16:59:07.574,,,0.248,,,,,,20.321,,hypogravity,4,5
42.62436312171271,20.08086035928177,49.55703163,2023-08-04 18:35:28.838,21.91203163,2023-08-04 18:35:28.174,41.13603163,2023-08-04 18:35:28.870,30.52703163,27.59067607444445,0.696,0.277524861878453,0.272,0.2871111111111111,0.592,106.71093194213894,27.645,22.54350276243094,normogravity,4,
,,47.83203163,2023-08-04 18:35:29.430,21.01203163,2023-08-04 18:35:29.142,38.95203163,2023-08-04 18:35:29.446,30.076698296666667,,0.304,,0.248,,0.584,,26.820000000000004,,normogravity,4,
,,46.22503163,2023-08-04 18:35:30.014,21.19903163,2023-08-04 18:35:29.694,38.94603163,2023-08-04 18:35:30.030,29.441698296666665,,0.336,,0.344,,0.576,,25.026,,normogravity,4,
,,45.14603163,2023-08-04 18:35:30.590,21.05003163,2023-08-04 18:35:30.374,38.75603163,2023-08-04 18:35:30.614,29.06003163,,0.24,,0.312,,0.552,,24.096000000000004,,normogravity,4,
,,44.12303163,2023-08-04 18:35:31.142,21.01703163,2023-08-04 18:35:30.926,36.29303163,2023-08-04 18:35:31.190,28.507698296666668,,0.264,,0.336,,0.576,,23.106,,normogravity,4,
,,44.70903163,2023-08-04 18:35:31.718,20.70003163,2023-08-04 18:35:31.526,35.51803163,2023-08-04 18:35:31.766,28.80303163,,0.24,,0.312,,0.6,,24.009,,normogravity,4,
,,44.70403163,2023-08-04 18:35:32.318,20.85003163,2023-08-04 18:35:32.078,35.76403163,2023-08-04 18:35:32.382,28.89403163,,0.304,,0.296,,0.576,,23.854000000000003,,normogravity,4,
,,43.96603163,2023-08-04 18:35:32.894,20.98903163,2023-08-04 18:35:32.678,38.69603163,2023-08-04 18:35:32.910,28.53203163,,0.232,,0.336,,0.544,,22.977000000000004,,normogravity,4,
,,44.90703163,2023-08-04 18:35:33.438,20.81503163,2023-08-04 18:35:33.246,36.15103163,2023-08-04 18:35:33.486,28.80703163,,0.24,,0.336,,0.568,,24.092,,normogravity,4,
,,43.52803163,2023-08-04 18:35:34.006,20.75703163,2023-08-04 18:35:33.822,36.07803163,2023-08-04 18:35:34.054,28.41603163,,0.232,,0.336,,0.576,,22.771,,normogravity,4,
,,43.88803163,2023-08-04 18:35:34.582,20.86003163,2023-08-04 18:35:34.390,35.48003163,2023-08-04 18:35:34.622,28.44736496333333,,0.232,,0.336,,0.568,,23.028,,normogravity,4,
,,43.99503163,2023-08-04 18:35:35.150,20.72703163,2023-08-04 18:35:34.958,35.89203163,2023-08-04 18:35:35.190,28.423698296666664,,0.232,,0.336,,0.568,,23.268,,normogravity,4,
,,43.96503163,2023-08-04 18:35:35.718,20.63803163,2023-08-04 18:35:35.526,35.47603163,2023-08-04 18:35:35.766,28.403698296666665,,0.24,,0.328,,0.568,,23.327,,normogravity,4,
,,43.86003163,2023-08-04 18:35:36.286,20.62303163,2023-08-04 18:35:36.094,34.36503163,2023-08-04 18:35:36.334,28.342698296666665,,0.24,,0.336,,0.568,,23.237,,normogravity,4,
,,43.77903163,2023-08-04 18:35:36.854,20.58403163,2023-08-04 18:35:36.670,34.57503163,2023-08-04 18:35:36.894,28.315698296666664,,0.224,,0.232,,0.568,,23.195,,normogravity,4,
,,43.56803163,2023-08-04 18:35:37.422,20.58403163,2023-08-04 18:35:37.126,36.38303163,2023-08-04 18:35:37.462,28.196698296666668,,0.336,,0.336,,0.568,,22.984,,normogravity,4,
,,43.78503163,2023-08-04 18:35:37.990,20.51103163,2023-08-04 18:35:37.798,35.24603163,2023-08-04 18:35:38.030,28.38236496333333,,0.232,,0.24,,0.56,,23.274,,normogravity,4,
,,44.14303163,2023-08-04 18:35:38.550,20.68103163,2023-08-04 18:35:38.270,36.04003163,2023-08-04 18:35:38.598,28.52703163,,0.328,,0.336,,0.568,,23.462000000000003,,normogravity,4,
,,43.68003163,2023-08-04 18:35:39.118,20.71903163,2023-08-04 18:35:38.934,35.46103163,2023-08-04 18:35:39.166,28.19403163,,0.232,,0.328,,0.568,,22.961,,normogravity,4,
,,44.05503163,2023-08-04 18:35:39.686,20.45103163,2023-08-04 18:35:39.494,34.97403163,2023-08-04 18:35:39.726,28.36036496333333,,0.232,,0.24,,0.56,,23.604000000000003,,normogravity,4,
,,43.63103163,2023-08-04 18:35:40.246,20.51303163,2023-08-04 18:35:39.966,36.59203163,2023-08-04 18:35:40.294,28.20836496333333,,0.328,,0.336,,0.568,,23.118,,normogravity,4,
,,43.34003163,2023-08-04 18:35:40.814,20.49703163,2023-08-04 18:35:40.630,36.57903163,2023-08-04 18:35:40.854,28.00803163,,0.224,,0.336,,0.568,,22.843,,normogravity,4,
,,43.00303163,2023-08-04 18:35:41.382,20.34203163,2023-08-04 18:35:41.190,35.67003163,2023-08-04 18:35:41.422,27.97503163,,0.232,,0.24,,0.56,,22.661,,normogravity,4,
,,43.26603163,2023-08-04 18:35:41.942,20.46103163,2023-08-04 18:35:41.662,35.42103163,2023-08-04 18:35:41.990,28.09603163,,0.328,,0.336,,0.568,,22.805,,normogravity,4,
,,43.68603163,2023-08-04 18:35:42.510,20.51103163,2023-08-04 18:35:42.326,34.38703163,2023-08-04 18:35:42.550,28.10736496333333,,0.224,,0.336,,0.56,,23.175,,normogravity,4,
,,42.67803163,2023-08-04 18:35:43.070,20.31803163,2023-08-04 18:35:42.886,41.60603163,2023-08-04 18:35:43.086,27.86736496333333,,0.2,,0.32,,0.568,,22.36,,normogravity,4,
,,42.96403163,2023-08-04 18:35:43.638,20.46203163,2023-08-04 18:35:43.406,34.77303163,2023-08-04 18:35:43.678,27.930698296666662,,0.272,,0.336,,0.56,,22.502,,normogravity,4,
,,43.10903163,2023-08-04 18:35:44.198,20.41403163,2023-08-04 18:35:44.014,33.61103163,2023-08-04 18:35:44.246,27.911698296666664,,0.232,,0.24,,0.568,,22.695,,normogravity,4,
,,42.82303163,2023-08-04 18:35:44.766,20.31303163,2023-08-04 18:35:44.486,35.27303163,2023-08-04 18:35:44.806,27.88636496333333,,0.32,,0.328,,0.56,,22.51,,normogravity,4,
,,42.97003163,2023-08-04 18:35:45.326,20.41803163,2023-08-04 18:35:45.134,35.17003163,2023-08-04 18:35:45.366,27.92003163,,0.232,,0.336,,0.56,,22.552,,normogravity,4,
,,43.12503163,2023-08-04 18:35:45.886,20.39503163,2023-08-04 18:35:45.702,35.10403163,2023-08-04 18:35:45.934,28.011698296666665,,0.232,,0.328,,0.56,,22.730000000000004,,normogravity,4,
,,42.33703163,2023-08-04 18:35:46.446,20.45503163,2023-08-04 18:35:46.262,36.54903163,2023-08-04 18:35:46.494,27.75836496333333,,0.232,,0.328,,0.568,,21.882,,normogravity,4,
,,43.42003163,2023-08-04 18:35:47.014,20.46903163,2023-08-04 18:35:46.822,33.67703163,2023-08-04 18:35:47.054,28.062698296666664,,0.232,,0.248,,0.56,,22.951,,normogravity,4,
,,43.50103163,2023-08-04 18:35:47.574,20.38403163,2023-08-04 18:35:47.302,34.41803163,2023-08-04 18:35:47.614,28.06303163,,0.312,,0.248,,0.56,,23.117,,normogravity,4,
,,43.10903163,2023-08-04 18:35:48.134,20.34403163,2023-08-04 18:35:47.862,33.89103163,2023-08-04 18:35:48.182,27.84903163,,0.32,,0.24,,0.56,,22.765,,normogravity,4,
,,42.80903163,2023-08-04 18:35:48.694,20.21903163,2023-08-04 18:35:48.422,33.57503163,2023-08-04 18:35:48.742,27.827698296666664,,0.32,,0.248,,0.568,,22.59,,normogravity,4,
,,42.92803163,2023-08-04 18:35:49.262,20.33703163,2023-08-04 18:35:48.990,34.08003163,2023-08-04 18:35:49.302,27.964698296666665,,0.312,,0.336,,0.56,,22.591,,normogravity,4,
,,43.47603163,2023-08-04 18:35:49.822,20.48303163,2023-08-04 18:35:49.638,33.76603163,2023-08-04 18:35:49.862,28.018698296666667,,0.224,,0.248,,0.56,,22.993,,normogravity,4,
,,43.41703163,2023-08-04 18:35:50.382,20.29003163,2023-08-04 18:35:50.110,34.24603163,2023-08-04 18:35:50.422,27.963698296666664,,0.312,,0.24,,0.56,,23.126999999999995,,normogravity,4,
,,43.55303163,2023-08-04 18:35:50.942,20.23703163,2023-08-04 18:35:50.662,34.17603163,2023-08-04 18:35:50.990,27.92036496333333,,0.328,,0.24,,0.568,,23.316,,normogravity,4,
,,42.95103163,2023-08-04 18:35:51.510,20.10403163,2023-08-04 18:35:51.230,34.13103163,2023-08-04 18:35:51.550,27.539698296666664,,0.32,,0.248,,0.56,,22.847,,normogravity,4,
,,42.98203163,2023-08-04 18:35:52.070,19.83403163,2023-08-04 18:35:51.798,35.07803163,2023-08-04 18:35:52.110,27.89603163,,0.312,,0.272,,0.56,,23.148000000000003,,normogravity,4,
,,43.61203163,2023-08-04 18:35:52.630,20.35303163,2023-08-04 18:35:52.382,34.19303163,2023-08-04 18:35:52.670,28.160698296666663,,0.288,,0.304,,0.56,,23.259,,normogravity,4,
,,43.64903163,2023-08-04 18:35:53.190,20.43503163,2023-08-04 18:35:52.974,34.68503163,2023-08-04 18:35:53.230,28.10903163,,0.256,,0.248,,0.56,,23.214,,normogravity,4,
,,43.60803163,2023-08-04 18:35:53.750,20.33903163,2023-08-04 18:35:53.478,35.39303163,2023-08-04 18:35:53.790,28.108698296666667,,0.312,,0.336,,0.56,,23.269,,normogravity,4,
,,43.51303163,2023-08-04 18:35:54.310,20.35903163,2023-08-04 18:35:54.126,34.50003163,2023-08-04 18:35:54.358,28.00303163,,0.232,,0.24,,0.568,,23.154,,normogravity,4,
,,43.29103163,2023-08-04 18:35:54.878,20.24803163,2023-08-04 18:35:54.598,33.73103163,2023-08-04 18:35:54.918,27.80703163,,0.32,,0.24,,0.56,,23.043,,normogravity,4,
,,43.02803163,2023-08-04 18:35:55.438,20.06503163,2023-08-04 18:35:55.158,33.51603163,2023-08-04 18:35:55.478,27.817364963333333,,0.32,,0.336,,0.56,,22.963,,normogravity,4,
,,43.13603163,2023-08-04 18:35:55.998,20.21203163,2023-08-04 18:35:55.814,33.16303163,2023-08-04 18:35:56.038,27.707364963333333,,0.224,,0.24,,0.56,,22.924,,normogravity,4,
,,43.19403163,2023-08-04 18:35:56.558,19.99303163,2023-08-04 18:35:56.278,33.66003163,2023-08-04 18:35:56.598,27.96003163,,0.32,,0.248,,0.56,,23.201,,normogravity,4,
,,43.45203163,2023-08-04 18:35:57.118,20.34303163,2023-08-04 18:35:56.846,33.84103163,2023-08-04 18:35:57.158,27.97336496333333,,0.312,,0.248,,0.56,,23.109,,normogravity,4,
,,43.47403163,2023-08-04 18:35:57.678,20.23403163,2023-08-04 18:35:57.406,34.57603163,2023-08-04 18:35:57.718,27.87936496333333,,0.312,,0.336,,0.56,,23.24,,normogravity,4,
,,43.06403163,2023-08-04 18:35:58.238,20.08203163,2023-08-04 18:35:58.054,34.61303163,2023-08-04 18:35:58.286,27.952698296666668,,0.232,,0.328,,0.56,,22.982000000000003,,normogravity,4,
,,42.78703163,2023-08-04 18:35:58.798,20.39703163,2023-08-04 18:35:58.614,34.36203163,2023-08-04 18:35:58.846,27.749698296666665,,0.232,,0.328,,0.568,,22.39,,normogravity,4,
,,42.49703163,2023-08-04 18:35:59.366,20.23103163,2023-08-04 18:35:59.174,33.28203163,2023-08-04 18:35:59.406,27.58703163,,0.232,,0.24,,0.56,,22.266,,normogravity,4,
,,42.81903163,2023-08-04 18:35:59.926,20.13203163,2023-08-04 18:35:59.646,34.17303163,2023-08-04 18:35:59.966,27.73836496333333,,0.32,,0.24,,0.56,,22.687,,normogravity,4,
,,43.06003163,2023-08-04 18:36:00.486,20.19803163,2023-08-04 18:36:00.206,34.58703163,2023-08-04 18:36:00.526,27.81603163,,0.32,,0.24,,0.56,,22.862,,normogravity,4,
,,42.66503163,2023-08-04 18:36:01.046,20.19403163,2023-08-04 18:36:00.766,35.15903163,2023-08-04 18:36:01.086,27.75436496333333,,0.32,,0.296,,0.56,,22.471,,normogravity,4,
,,42.97903163,2023-08-04 18:36:01.606,20.29903163,2023-08-04 18:36:01.382,34.57003163,2023-08-04 18:36:01.646,27.741698296666662,,0.264,,0.336,,0.56,,22.68,,normogravity,4,
,,42.45703163,2023-08-04 18:36:02.166,20.12303163,2023-08-04 18:36:01.982,33.54203163,2023-08-04 18:36:02.206,27.617698296666667,,0.224,,0.288,,0.56,,22.334000000000003,,normogravity,4,
,,42.44003163,2023-08-04 18:36:02.726,20.19803163,2023-08-04 18:36:02.494,34.41903163,2023-08-04 18:36:02.774,27.70003163,,0.28,,0.24,,0.56,,22.242,,normogravity,4,
,,42.10103163,2023-08-04 18:36:03.286,20.33003163,2023-08-04 18:36:03.014,33.33203163,2023-08-04 18:36:03.334,27.35903163,,0.32,,0.24,,0.56,,21.771,,normogravity,4,
,,42.30603163,2023-08-04 18:36:03.846,19.98803163,2023-08-04 18:36:03.574,33.82203163,2023-08-04 18:36:03.894,27.586698296666665,,0.32,,0.336,,0.568,,22.318,,normogravity,4,
,,42.69603163,2023-08-04 18:36:04.414,20.22703163,2023-08-04 18:36:04.230,32.88003163,2023-08-04 18:36:04.454,27.672698296666667,,0.224,,0.232,,0.56,,22.469,,normogravity,4,
,,42.56203163,2023-08-04 18:36:04.974,20.16103163,2023-08-04 18:36:04.686,33.38403163,2023-08-04 18:36:05.014,27.60336496333333,,0.328,,0.296,,0.56,,22.401,,normogravity,4,
,,42.84303163,2023-08-04 18:36:05.534,20.12403163,2023-08-04 18:36:05.310,33.30103163,2023-08-04 18:36:05.574,27.787698296666665,,0.264,,0.272,,0.56,,22.719,,normogravity,4,
,,42.55603163,2023-08-04 18:36:06.094,20.26003163,2023-08-04 18:36:05.846,33.69903163,2023-08-04 18:36:06.134,27.62736496333333,,0.288,,0.232,,0.56,,22.296,,normogravity,4,
,,42.73903163,2023-08-04 18:36:06.654,20.16303163,2023-08-04 18:36:06.366,33.87503163,2023-08-04 18:36:06.694,27.663698296666663,,0.328,,0.336,,0.56,,22.576,,normogravity,4,
,,42.38403163,2023-08-04 18:36:07.214,20.12603163,2023-08-04 18:36:07.030,33.68903163,2023-08-04 18:36:07.254,27.53603163,,0.224,,0.24,,0.56,,22.258000000000003,,normogravity,4,
,,42.72803163,2023-08-04 18:36:07.774,20.11203163,2023-08-04 18:36:07.494,33.75903163,2023-08-04 18:36:07.822,27.658698296666664,,0.328,,0.328,,0.56,,22.616,,normogravity,4,
,,42.01603163,2023-08-04 18:36:08.334,20.12403163,2023-08-04 18:36:08.150,33.90503163,2023-08-04 18:36:08.382,27.47936496333333,,0.232,,0.296,,0.568,,21.892,,normogravity,4,
,,42.41503163,2023-08-04 18:36:08.902,20.21103163,2023-08-04 18:36:08.678,33.23003163,2023-08-04 18:36:08.942,27.485698296666666,,0.264,,0.328,,0.56,,22.204,,normogravity,4,
,,42.65703163,2023-08-04 18:36:09.462,20.02103163,2023-08-04 18:36:09.270,33.09103163,2023-08-04 18:36:09.502,27.60436496333333,,0.232,,0.336,,0.56,,22.636,,normogravity,4,
,,42.67803163,2023-08-04 18:36:10.022,20.07803163,2023-08-04 18:36:09.838,33.38903163,2023-08-04 18:36:10.062,27.61603163,,0.224,,0.248,,0.56,,22.6,,normogravity,4,
,,42.91303163,2023-08-04 18:36:10.582,20.08503163,2023-08-04 18:36:10.310,33.55203163,2023-08-04 18:36:10.622,27.65036496333333,,0.312,,0.272,,0.56,,22.828,,normogravity,4,
,,42.93303163,2023-08-04 18:36:11.142,20.01903163,2023-08-04 18:36:10.894,33.69103163,2023-08-04 18:36:11.182,27.63836496333333,,0.288,,0.304,,0.56,,22.914,,normogravity,4,
,,42.38703163,2023-08-04 18:36:11.702,19.99103163,2023-08-04 18:36:11.486,33.67703163,2023-08-04 18:36:11.742,27.543698296666665,,0.256,,0.336,,0.56,,22.396000000000004,,normogravity,4,
,,42.41403163,2023-08-04 18:36:12.262,20.12203163,2023-08-04 18:36:12.078,33.59803163,2023-08-04 18:36:12.310,27.434698296666664,,0.232,,0.264,,0.56,,22.292,,normogravity,4,
,,42.62603163,2023-08-04 18:36:12.822,19.94503163,2023-08-04 18:36:12.574,33.36003163,2023-08-04 18:36:12.870,27.564698296666663,,0.296,,0.24,,0.568,,22.681,,normogravity,4,
,,42.51803163,2023-08-04 18:36:13.390,20.03403163,2023-08-04 18:36:13.110,33.22003163,2023-08-04 18:36:13.430,27.526698296666662,,0.32,,0.328,,0.56,,22.484,,normogravity,4,
,,42.39003163,2023-08-04 18:36:13.950,20.03103163,2023-08-04 18:36:13.758,33.19303163,2023-08-04 18:36:13.990,27.535364963333333,,0.232,,0.248,,0.56,,22.359,,normogravity,4,
,,43.06803163,2023-08-04 18:36:14.510,20.10803163,2023-08-04 18:36:14.238,33.51203163,2023-08-04 18:36:14.550,27.692698296666663,,0.312,,0.336,,0.56,,22.96,,normogravity,4,
,,42.54403163,2023-08-04 18:36:15.070,20.00503163,2023-08-04 18:36:14.886,33.90603163,2023-08-04 18:36:15.110,27.510698296666664,,0.224,,0.24,,0.56,,22.539,,normogravity,4,
,,42.85403163,2023-08-04 18:36:15.630,19.99403163,2023-08-04 18:36:15.350,33.78903163,2023-08-04 18:36:15.670,27.42136496333333,,0.32,,0.24,,0.56,,22.860000000000003,,normogravity,4,
,,42.86303163,2023-08-04 18:36:16.190,19.70503163,2023-08-04 18:36:15.910,34.65303163,2023-08-04 18:36:16.230,27.759698296666667,,0.32,,0.336,,0.56,,23.158,,normogravity,4,
,,42.96503163,2023-08-04 18:36:16.750,20.20803163,2023-08-04 18:36:16.566,34.18603163,2023-08-04 18:36:16.798,27.65703163,,0.232,,0.24,,0.56,,22.757,,normogravity,4,
,,42.26703163,2023-08-04 18:36:17.310,20.00303163,2023-08-04 18:36:17.038,33.44403163,2023-08-04 18:36:17.358,27.317698296666663,,0.32,,0.232,,0.568,,22.264,,normogravity,4,
,,41.76303163,2023-08-04 18:36:17.878,19.84303163,2023-08-04 18:36:17.590,32.44903163,2023-08-04 18:36:17.918,27.26636496333333,,0.328,,0.232,,0.56,,21.92,,normogravity,4,
,,41.76203163,2023-08-04 18:36:18.438,20.01803163,2023-08-04 18:36:18.150,32.96103163,2023-08-04 18:36:18.478,27.27269829666667,,0.328,,0.304,,0.56,,21.744000000000003,,normogravity,4,
,,42.18403163,2023-08-04 18:36:18.998,20.02803163,2023-08-04 18:36:18.782,32.73103163,2023-08-04 18:36:19.038,27.398698296666662,,0.256,,0.24,,0.56,,22.156,,normogravity,4,
,,42.09003163,2023-08-04 18:36:19.558,20.00603163,2023-08-04 18:36:19.278,32.80303163,2023-08-04 18:36:19.598,27.36536496333333,,0.32,,0.248,,0.56,,22.084,,normogravity,4,
,,42.01603163,2023-08-04 18:36:20.118,20.00303163,2023-08-04 18:36:19.846,32.96003163,2023-08-04 18:36:20.158,27.300698296666667,,0.312,,0.312,,0.56,,22.013,,normogravity,4,
,,42.13003163,2023-08-04 18:36:20.678,19.94303163,2023-08-04 18:36:20.470,33.27903163,2023-08-04 18:36:20.718,27.40803163,,0.248,,0.248,,0.56,,22.187,,normogravity,4,
,,41.84303163,2023-08-04 18:36:21.238,20.04703163,2023-08-04 18:36:20.966,34.45603163,2023-08-04 18:36:21.278,27.243698296666665,,0.312,,0.232,,0.56,,21.796,,normogravity,4,
,,42.05703163,2023-08-04 18:36:21.798,19.94403163,2023-08-04 18:36:21.510,33.75703163,2023-08-04 18:36:21.846,27.42236496333333,,0.336,,0.312,,0.568,,22.113,,normogravity,4,
,,42.34503163,2023-08-04 18:36:22.366,20.10503163,2023-08-04 18:36:22.158,33.09703163,2023-08-04 18:36:22.406,27.331698296666666,,0.248,,0.24,,0.56,,22.24,,normogravity,4,
,,42.55903163,2023-08-04 18:36:22.926,19.82503163,2023-08-04 18:36:22.646,33.35903163,2023-08-04 18:36:22.966,27.44703163,,0.32,,0.24,,0.56,,22.734,,normogravity,4,
,,42.59803163,2023-08-04 18:36:23.486,19.89103163,2023-08-04 18:36:23.206,33.36603163,2023-08-04 18:36:23.526,27.521364963333333,,0.32,,0.336,,0.56,,22.707,,normogravity,4,
,,42.76303163,2023-08-04 18:36:24.046,19.98303163,2023-08-04 18:36:23.862,33.93403163,2023-08-04 18:36:24.086,27.557698296666665,,0.224,,0.336,,0.56,,22.78,,normogravity,4,
,,43.08003163,2023-08-04 18:36:24.606,19.95503163,2023-08-04 18:36:24.422,34.21703163,2023-08-04 18:36:24.646,27.730698296666667,,0.224,,0.336,,0.56,,23.125,,normogravity,4,
,,42.79803163,2023-08-04 18:36:25.166,20.05603163,2023-08-04 18:36:24.982,33.95303163,2023-08-04 18:36:25.206,27.61536496333333,,0.224,,0.296,,0.56,,22.742,,normogravity,4,
,,42.55403163,2023-08-04 18:36:25.726,20.02403163,2023-08-04 18:36:25.502,33.62803163,2023-08-04 18:36:25.774,27.484698296666664,,0.272,,0.24,,0.56,,22.53,,normogravity,4,
,,42.30103163,2023-08-04 18:36:26.286,19.95003163,2023-08-04 18:36:26.014,33.16303163,2023-08-04 18:36:26.334,27.34703163,,0.32,,0.248,,0.568,,22.351,,normogravity,4,
,,42.11803163,2023-08-04 18:36:26.854,19.87003163,2023-08-04 18:36:26.582,32.91103163,2023-08-04 18:36:26.894,27.366698296666662,,0.312,,0.232,,0.56,,22.248,,normogravity,4,
,,42.29403163,2023-08-04 18:36:27.414,19.99103163,2023-08-04 18:36:27.126,32.91403163,2023-08-04 18:36:27.454,27.266698296666664,,0.328,,0.24,,0.56,,22.303,,normogravity,4,
,,42.18203163,2023-08-04 18:36:27.974,19.75303163,2023-08-04 18:36:27.694,32.74003163,2023-08-04 18:36:28.014,27.41136496333333,,0.32,,0.232,,0.56,,22.429,,normogravity,4,
,,42.42703163,2023-08-04 18:36:28.534,20.02603163,2023-08-04 18:36:28.246,32.85503163,2023-08-04 18:36:28.574,27.481698296666664,,0.328,,0.336,,0.56,,22.401000000000003,,normogravity,4,
,,42.22203163,2023-08-04 18:36:29.094,20.00903163,2023-08-04 18:36:28.910,33.18503163,2023-08-04 18:36:29.134,27.29803163,,0.224,,0.336,,0.56,,22.213,,normogravity,4,
,,42.19403163,2023-08-04 18:36:29.654,19.83603163,2023-08-04 18:36:29.470,33.54503163,2023-08-04 18:36:29.694,27.40403163,,0.224,,0.24,,0.56,,22.358,,normogravity,4,
,,42.22103163,2023-08-04 18:36:30.214,20.00903163,2023-08-04 18:36:29.934,33.77403163,2023-08-04 18:36:30.262,27.299698296666666,,0.328,,0.296,,0.568,,22.212,,normogravity,4,
,,42.13503163,2023-08-04 18:36:30.782,19.83903163,2023-08-04 18:36:30.558,33.47503163,2023-08-04 18:36:30.822,27.38703163,,0.264,,0.336,,0.56,,22.296,,normogravity,4,
,,42.76303163,2023-08-04 18:36:31.342,20.01303163,2023-08-04 18:36:31.158,33.54303163,2023-08-04 18:36:31.382,27.503698296666663,,0.224,,0.336,,0.56,,22.75,,normogravity,4,
,,42.28903163,2023-08-04 18:36:31.902,19.87403163,2023-08-04 18:36:31.718,32.88503163,2023-08-04 18:36:31.942,27.40303163,,0.224,,0.336,,0.56,,22.415,,normogravity,4,
,,42.67603163,2023-08-04 18:36:32.462,19.96003163,2023-08-04 18:36:32.278,33.25703163,2023-08-04 18:36:32.502,27.42203163,,0.224,,0.336,,0.56,,22.716,,normogravity,4,
,,42.78303163,2023-08-04 18:36:33.022,19.79503163,2023-08-04 18:36:32.838,33.50003163,2023-08-04 18:36:33.062,27.570364963333333,,0.224,,0.336,,0.56,,22.988000000000003,,normogravity,4,
,,42.56003163,2023-08-04 18:36:33.582,19.96403163,2023-08-04 18:36:33.398,33.42603163,2023-08-04 18:36:33.622,27.45203163,,0.224,,0.336,,0.56,,22.596,,normogravity,4,
,,42.17303163,2023-08-04 18:36:34.142,19.89803163,2023-08-04 18:36:33.958,33.40903163,2023-08-04 18:36:34.182,27.23836496333333,,0.224,,0.344,,0.56,,22.275,,normogravity,4,
,,41.92603163,2023-08-04 18:36:34.702,19.77103163,2023-08-04 18:36:34.526,33.10203163,2023-08-04 18:36:34.750,27.15803163,,0.224,,0.232,,0.56,,22.155,,normogravity,4,
,,41.65203163,2023-08-04 18:36:35.262,19.77403163,2023-08-04 18:36:34.982,33.01103163,2023-08-04 18:36:35.310,27.09803163,,0.328,,0.336,,0.568,,21.878000000000004,,normogravity,4,
,,42.21703163,2023-08-04 18:36:35.830,19.82103163,2023-08-04 18:36:35.646,32.99803163,2023-08-04 18:36:35.870,27.26303163,,0.224,,0.336,,0.56,,22.396,,normogravity,4,
,,42.13503163,2023-08-04 18:36:36.390,19.78603163,2023-08-04 18:36:36.206,32.52703163,2023-08-04 18:36:36.430,27.249698296666665,,0.224,,0.24,,0.56,,22.349,,normogravity,4,
,,42.09203163,2023-08-04 18:36:36.950,19.80703163,2023-08-04 18:36:36.670,32.70703163,2023-08-04 18:36:36.990,27.286698296666664,,0.32,,0.248,,0.56,,22.285,,normogravity,4,
,,42.46203163,2023-08-04 18:36:37.510,19.88403163,2023-08-04 18:36:37.238,32.94703163,2023-08-04 18:36:37.550,27.43003163,,0.312,,0.336,,0.56,,22.578,,normogravity,4,
,,42.09003163,2023-08-04 18:36:38.070,19.91403163,2023-08-04 18:36:37.886,33.52903163,2023-08-04 18:36:38.110,27.304698296666665,,0.224,,0.232,,0.56,,22.176,,normogravity,4,
,,42.52603163,2023-08-04 18:36:38.630,19.91203163,2023-08-04 18:36:38.342,33.78803163,2023-08-04 18:36:38.670,27.356698296666664,,0.328,,0.256,,0.56,,22.614,,normogravity,4,
,,42.35303163,2023-08-04 18:36:39.190,19.77203163,2023-08-04 18:36:38.926,33.81503163,2023-08-04 18:36:39.238,27.293698296666665,,0.312,,0.24,,0.56,,22.581,,normogravity,4,
,,41.96903163,2023-08-04 18:36:39.750,19.76403163,2023-08-04 18:36:39.478,32.98903163,2023-08-04 18:36:39.798,27.20236496333333,,0.32,,0.336,,0.568,,22.205,,normogravity,4,
,,41.31603163,2023-08-04 18:36:40.318,19.81903163,2023-08-04 18:36:40.134,32.41903163,2023-08-04 18:36:40.358,27.06536496333333,,0.224,,0.224,,0.56,,21.497,,normogravity,4,
,,42.13503163,2023-08-04 18:36:40.878,19.94003163,2023-08-04 18:36:40.582,32.72703163,2023-08-04 18:36:40.918,27.210364963333333,,0.336,,0.336,,0.56,,22.195,,normogravity,4,
,,42.04503163,2023-08-04 18:36:41.438,19.74803163,2023-08-04 18:36:41.254,32.71403163,2023-08-04 18:36:41.478,27.25836496333333,,0.224,,0.232,,0.56,,22.297,,normogravity,4,
,,41.70603163,2023-08-04 18:36:41.998,19.86503163,2023-08-04 18:36:41.710,32.12203163,2023-08-04 18:36:42.038,27.20336496333333,,0.328,,0.336,,0.56,,21.841,,normogravity,4,
,,41.63103163,2023-08-04 18:36:42.558,19.95203163,2023-08-04 18:36:42.374,32.18903163,2023-08-04 18:36:42.598,27.11703163,,0.224,,0.336,,0.56,,21.679,,normogravity,4,
,,41.81403163,2023-08-04 18:36:43.118,19.86003163,2023-08-04 18:36:42.934,33.16903163,2023-08-04 18:36:43.158,27.10803163,,0.224,,0.304,,0.56,,21.954,,normogravity,4,
,,41.89303163,2023-08-04 18:36:43.678,19.75503163,2023-08-04 18:36:43.462,33.42703163,2023-08-04 18:36:43.718,27.137698296666667,,0.256,,0.24,,0.56,,22.138,,normogravity,4,
,,41.43303163,2023-08-04 18:36:44.238,19.76003163,2023-08-04 18:36:43.958,33.43803163,2023-08-04 18:36:44.286,27.024364963333333,,0.328,,0.336,,0.568,,21.673,,normogravity,4,
,,41.88203163,2023-08-04 18:36:44.806,19.82003163,2023-08-04 18:36:44.622,32.84903163,2023-08-04 18:36:44.846,27.18403163,,0.224,,0.336,,0.56,,22.062,,normogravity,4,
,,41.77203163,2023-08-04 18:36:45.366,19.83503163,2023-08-04 18:36:45.182,32.22203163,2023-08-04 18:36:45.406,27.16736496333333,,0.224,,0.336,,0.56,,21.937,,normogravity,4,
,,41.80403163,2023-08-04 18:36:45.926,19.86503163,2023-08-04 18:36:45.742,32.50703163,2023-08-04 18:36:45.966,27.18136496333333,,0.224,,0.232,,0.56,,21.939,,normogravity,4,
,,41.80703163,2023-08-04 18:36:46.486,19.87003163,2023-08-04 18:36:46.198,32.35203163,2023-08-04 18:36:46.526,27.03436496333333,,0.328,,0.24,,0.56,,21.937,,normogravity,4,
,,42.02903163,2023-08-04 18:36:47.046,19.64803163,2023-08-04 18:36:46.766,32.97303163,2023-08-04 18:36:47.086,27.19036496333333,,0.32,,0.336,,0.56,,22.381,,normogravity,4,
,,42.13603163,2023-08-04 18:36:47.606,19.77103163,2023-08-04 18:36:47.422,33.49803163,2023-08-04 18:36:47.646,27.24936496333333,,0.224,,0.336,,0.56,,22.365,,normogravity,4,
,,42.14803163,2023-08-04 18:36:48.166,19.80603163,2023-08-04 18:36:47.982,33.94303163,2023-08-04 18:36:48.214,27.298698296666664,,0.232,,0.336,,0.56,,22.342,,normogravity,4,
,,42.01903163,2023-08-04 18:36:48.726,19.87403163,2023-08-04 18:36:48.550,33.49803163,2023-08-04 18:36:48.774,27.22703163,,0.224,,0.296,,0.56,,22.145,,normogravity,4,
,,41.28103163,2023-08-04 18:36:49.286,19.83103163,2023-08-04 18:36:49.070,33.28203163,2023-08-04 18:36:49.334,26.99436496333333,,0.264,,0.336,,0.568,,21.450000000000003,,normogravity,4,
,,41.53003163,2023-08-04 18:36:49.854,19.85103163,2023-08-04 18:36:49.670,32.27903163,2023-08-04 18:36:49.894,27.02869829666667,,0.224,,0.24,,0.56,,21.679,,normogravity,4,
,,41.90603163,2023-08-04 18:36:50.414,19.77803163,2023-08-04 18:36:50.134,32.67303163,2023-08-04 18:36:50.454,27.180698296666662,,0.32,,0.248,,0.56,,22.128,,normogravity,4,
,,42.21703163,2023-08-04 18:36:50.974,19.81803163,2023-08-04 18:36:50.702,32.77203163,2023-08-04 18:36:51.014,27.285698296666663,,0.312,,0.248,,0.56,,22.399,,normogravity,4,
,,41.97503163,2023-08-04 18:36:51.534,19.82003163,2023-08-04 18:36:51.262,32.80403163,2023-08-04 18:36:51.574,27.111698296666663,,0.312,,0.24,,0.56,,22.155,,normogravity,4,
,,41.94703163,2023-08-04 18:36:52.094,19.68003163,2023-08-04 18:36:51.814,33.14803163,2023-08-04 18:36:52.134,27.13036496333333,,0.32,,0.248,,0.56,,22.267,,normogravity,4,
,,41.70803163,2023-08-04 18:36:52.654,19.72203163,2023-08-04 18:36:52.382,33.37603163,2023-08-04 18:36:52.694,27.04936496333333,,0.312,,0.24,,0.56,,21.986,,normogravity,4,
,,41.44603163,2023-08-04 18:36:53.214,19.72003163,2023-08-04 18:36:52.934,32.67303163,2023-08-04 18:36:53.262,27.02203163,,0.328,,0.288,,0.568,,21.726,,normogravity,4,
,,41.88503163,2023-08-04 18:36:53.782,19.81003163,2023-08-04 18:36:53.550,32.73103163,2023-08-04 18:36:53.822,27.15303163,,0.272,,0.232,,0.56,,22.075,,normogravity,4,
,,42.21403163,2023-08-04 18:36:54.342,19.78703163,2023-08-04 18:36:54.054,32.66603163,2023-08-04 18:36:54.382,27.21403163,,0.328,,0.248,,0.56,,22.427,,normogravity,4,
,,41.89703163,2023-08-04 18:36:54.902,19.71403163,2023-08-04 18:36:54.630,32.53203163,2023-08-04 18:36:54.942,27.10103163,,0.312,,0.336,,0.56,,22.183,,normogravity,4,
,,41.40803163,2023-08-04 18:36:55.462,19.70303163,2023-08-04 18:36:55.278,31.94203163,2023-08-04 18:36:55.502,26.996698296666665,,0.224,,0.24,,0.56,,21.705,,normogravity,4,
,,41.90303163,2023-08-04 18:36:56.022,19.79103163,2023-08-04 18:36:55.742,32.54703163,2023-08-04 18:36:56.062,27.17036496333333,,0.32,,0.232,,0.56,,22.112,,normogravity,4,
,,41.80903163,2023-08-04 18:36:56.582,19.80403163,2023-08-04 18:36:56.294,32.94703163,2023-08-04 18:36:56.622,27.064364963333333,,0.328,,0.248,,0.56,,22.005,,normogravity,4,
,,41.64203163,2023-08-04 18:36:57.142,19.69203163,2023-08-04 18:36:56.870,33.04803163,2023-08-04 18:36:57.190,27.10536496333333,,0.32,,0.232,,0.568,,21.95,,normogravity,4,
,,41.18403163,2023-08-04 18:36:57.710,19.83703163,2023-08-04 18:36:57.422,32.46903163,2023-08-04 18:36:57.750,26.81936496333333,,0.328,,0.232,,0.56,,21.347,,normogravity,4,
,,41.25803163,2023-08-04 18:36:58.270,19.63703163,2023-08-04 18:36:57.982,32.68003163,2023-08-04 18:36:58.310,27.04136496333333,,0.328,,0.24,,0.56,,21.621,,normogravity,4,
,,41.75603163,2023-08-04 18:36:58.830,19.93303163,2023-08-04 18:36:58.550,32.06203163,2023-08-04 18:36:58.870,27.12136496333333,,0.32,,0.328,,0.56,,21.823000000000004,,normogravity,4,
,,41.88803163,2023-08-04 18:36:59.390,19.80403163,2023-08-04 18:36:59.198,32.37203163,2023-08-04 18:36:59.430,26.977364963333333,,0.232,,0.24,,0.56,,22.084,,normogravity,4,
,,41.98403163,2023-08-04 18:36:59.950,19.52203163,2023-08-04 18:36:59.670,32.73003163,2023-08-04 18:36:59.990,27.080698296666665,,0.32,,0.24,,0.56,,22.462,,normogravity,4,
,,41.48303163,2023-08-04 18:37:00.510,19.62903163,2023-08-04 18:37:00.230,32.33303163,2023-08-04 18:37:00.550,26.99836496333333,,0.32,,0.248,,0.56,,21.854,,normogravity,4,
,,41.63103163,2023-08-04 18:37:01.070,19.75603163,2023-08-04 18:37:00.798,32.92603163,2023-08-04 18:37:01.110,27.07836496333333,,0.312,,0.248,,0.56,,21.875000000000004,,normogravity,4,
,,41.97703163,2023-08-04 18:37:01.630,19.80203163,2023-08-04 18:37:01.358,33.51803163,2023-08-04 18:37:01.678,27.070364963333333,,0.32,,0.232,,0.56,,22.175,,normogravity,4,
,,41.39703163,2023-08-04 18:37:02.190,19.61703163,2023-08-04 18:37:01.910,32.81203163,2023-08-04 18:37:02.238,26.92636496333333,,0.328,,0.288,,0.568,,21.78,,normogravity,4,
,,41.66503163,2023-08-04 18:37:02.758,19.69103163,2023-08-04 18:37:02.526,32.60903163,2023-08-04 18:37:02.798,27.06836496333333,,0.272,,0.232,,0.56,,21.974,,normogravity,4,
,,41.74703163,2023-08-04 18:37:03.318,19.77003163,2023-08-04 18:37:03.030,32.49403163,2023-08-04 18:37:03.358,27.082364963333333,,0.328,,0.336,,0.56,,21.977000000000004,,normogravity,4,
,,41.88603163,2023-08-04 18:37:03.878,19.75003163,2023-08-04 18:37:03.694,32.04803163,2023-08-04 18:37:03.918,27.03803163,,0.224,,0.336,,0.56,,22.136,,normogravity,4,
,,42.01703163,2023-08-04 18:37:04.438,19.61403163,2023-08-04 18:37:04.254,33.31603163,2023-08-04 18:37:04.478,27.192364963333333,,0.224,,0.336,,0.56,,22.403,,normogravity,4,
,,42.04003163,2023-08-04 18:37:04.998,19.78003163,2023-08-04 18:37:04.814,33.65003163,2023-08-04 18:37:05.038,27.130698296666665,,0.224,,0.336,,0.56,,22.26,,normogravity,4,
,,41.79203163,2023-08-04 18:37:05.558,19.67603163,2023-08-04 18:37:05.374,32.27203163,2023-08-04 18:37:05.598,26.99336496333333,,0.224,,0.296,,0.56,,22.116,,normogravity,4,
,,41.74503163,2023-08-04 18:37:06.118,19.59403163,2023-08-04 18:37:05.894,32.60103163,2023-08-04 18:37:06.158,27.02703163,,0.264,,0.304,,0.56,,22.151,,normogravity,4,
,,41.61303163,2023-08-04 18:37:06.678,19.66803163,2023-08-04 18:37:06.462,33.11203163,2023-08-04 18:37:06.718,26.98236496333333,,0.256,,0.304,,0.56,,21.945,,normogravity,4,
,,41.54303163,2023-08-04 18:37:07.238,19.66703163,2023-08-04 18:37:07.022,32.90203163,2023-08-04 18:37:07.286,26.945698296666663,,0.264,,0.336,,0.568,,21.876,,normogravity,4,
,,41.69803163,2023-08-04 18:37:07.806,19.64703163,2023-08-04 18:37:07.622,32.48203163,2023-08-04 18:37:07.846,27.044698296666667,,0.224,,0.328,,0.56,,22.051,,normogravity,4,
,,41.75403163,2023-08-04 18:37:08.366,19.71803163,2023-08-04 18:37:08.174,32.58903163,2023-08-04 18:37:08.406,27.056698296666667,,0.232,,0.336,,0.56,,22.036,,normogravity,4,
,,41.61603163,2023-08-04 18:37:08.926,19.70803163,2023-08-04 18:37:08.742,31.93303163,2023-08-04 18:37:08.966,27.02403163,,0.224,,0.296,,0.56,,21.908,,normogravity,4,
,,41.55703163,2023-08-04 18:37:09.486,19.72803163,2023-08-04 18:37:09.262,32.31403163,2023-08-04 18:37:09.526,26.93303163,,0.264,,0.304,,0.56,,21.829,,normogravity,4,
,,41.49203163,2023-08-04 18:37:10.046,19.62103163,2023-08-04 18:37:09.830,32.58503163,2023-08-04 18:37:10.086,,,0.256,,,,,,21.871,,normogravity,4,
65.08222569235295,27.94649039823529,68.29701981,2023-08-04 16:22:11.166,26.20001981,2023-08-04 16:22:10.806,52.56801981,2023-08-04 16:22:11.190,40.086353143333326,40.361959203939385,0.384,0.332235294117647,0.24,0.2329696969696969,0.584,106.54326302195436,42.097,37.13573529411765,hypogravity,5,6
,,65.23101981,2023-08-04 16:22:11.750,25.98101981,2023-08-04 16:22:11.430,52.53601981,2023-08-04 16:22:11.766,39.09301981,,0.336,,0.232,,0.576,,39.25000000000001,,hypogravity,5,6
,,64.92801981,2023-08-04 16:22:12.326,26.02401981,2023-08-04 16:22:11.998,51.95001981,2023-08-04 16:22:12.342,39.47268647666666,,0.344,,0.224,,0.544,,38.904,,hypogravity,5,6
,,64.53801981,2023-08-04 16:22:12.870,26.74501981,2023-08-04 16:22:12.566,52.21401981,2023-08-04 16:22:12.918,39.95201981,,0.352,,0.24,,0.576,,37.79299999999999,,hypogravity,5,6
,,65.38801981,2023-08-04 16:22:13.446,27.65901981,2023-08-04 16:22:13.158,53.02701981,2023-08-04 16:22:13.494,40.64601981,,0.336,,0.232,,0.568,,37.729,,hypogravity,5,6
,,65.76801981,2023-08-04 16:22:14.014,28.27501981,2023-08-04 16:22:13.726,52.04601981,2023-08-04 16:22:14.062,41.08135314333333,,0.336,,0.2,,0.568,,37.493,,hypogravity,5,6
,,68.64501981,2023-08-04 16:22:14.582,28.73801981,2023-08-04 16:22:14.262,51.90501981,2023-08-04 16:22:14.630,41.99035314333333,,0.368,,0.232,,0.576,,39.907,,hypogravity,5,6
,,66.41001981,2023-08-04 16:22:15.158,28.66301981,2023-08-04 16:22:14.862,51.83501981,2023-08-04 16:22:15.198,41.03268647666666,,0.336,,0.232,,0.56,,37.74699999999999,,hypogravity,5,6
,,64.66001981,2023-08-04 16:22:15.718,28.34401981,2023-08-04 16:22:15.430,51.90601981,2023-08-04 16:22:15.766,40.15468647666666,,0.336,,0.224,,0.568,,36.316,,hypogravity,5,6
,,65.01401981,2023-08-04 16:22:16.286,27.90201981,2023-08-04 16:22:15.990,50.73401981,2023-08-04 16:22:16.326,40.34935314333333,,0.336,,0.24,,0.568,,37.112,,hypogravity,5,6
,,66.02401981,2023-08-04 16:22:16.854,28.01701981,2023-08-04 16:22:16.566,50.09701981,2023-08-04 16:22:16.894,40.85401981,,0.328,,0.224,,0.568,,38.007,,hypogravity,5,6
,,64.61901981,2023-08-04 16:22:17.422,28.26901981,2023-08-04 16:22:17.118,51.36101981,2023-08-04 16:22:17.454,40.38968647666667,,0.336,,0.24,,0.56,,36.35,,hypogravity,5,6
,,65.16101981,2023-08-04 16:22:17.982,28.27501981,2023-08-04 16:22:17.694,50.41401981,2023-08-04 16:22:18.022,40.335686476666666,,0.328,,0.232,,0.56,,36.886,,hypogravity,5,6
,,64.06101981,2023-08-04 16:22:18.542,27.92301981,2023-08-04 16:22:18.254,50.51201981,2023-08-04 16:22:18.582,40.06501981,,0.328,,0.24,,0.568,,36.138000000000005,,hypogravity,5,6
,,63.35801981,2023-08-04 16:22:19.110,28.06701981,2023-08-04 16:22:18.822,50.24401981,2023-08-04 16:22:19.150,39.90401981,,0.328,,0.232,,0.56,,35.291,,hypogravity,5,6
,,63.35801981,2023-08-04 16:22:19.670,28.17701981,2023-08-04 16:22:19.382,49.46001981,2023-08-04 16:22:19.710,39.85001981,,0.328,,0.232,,0.56,,35.181,,hypogravity,5,6
,,63.63301981,2023-08-04 16:22:20.230,28.09601981,2023-08-04 16:22:19.942,49.68801981,2023-08-04 16:22:20.270,40.13301980999999,,0.328,,0.232,,0.56,,35.537,,hypogravity,5,6
,,64.95901981,2023-08-04 16:22:20.790,28.38301981,2023-08-04 16:22:20.502,49.86501981,2023-08-04 16:22:20.830,40.60101981,,0.328,,0.24,,0.568,,36.576,,hypogravity,5,6
,,64.50301981,2023-08-04 16:22:21.358,28.42201981,2023-08-04 16:22:21.070,50.91701981,2023-08-04 16:22:21.390,40.24301980999999,,0.32,,0.24,,0.56,,36.081,,hypogravity,5,6
,,64.76901981,2023-08-04 16:22:21.918,28.11301981,2023-08-04 16:22:21.630,50.83401981,2023-08-04 16:22:21.958,40.42901981,,0.328,,0.232,,0.56,,36.656000000000006,,hypogravity,5,6
,,65.30201981,2023-08-04 16:22:22.478,28.25901981,2023-08-04 16:22:22.190,50.74101981,2023-08-04 16:22:22.510,40.71801981,,0.32,,0.216,,0.56,,37.043000000000006,,hypogravity,5,6
,,63.79401981,2023-08-04 16:22:23.038,28.42601981,2023-08-04 16:22:22.726,50.54801981,2023-08-04 16:22:23.070,40.049353143333335,,0.344,,0.224,,0.56,,35.368,,hypogravity,5,6
,,64.57201981,2023-08-04 16:22:23.598,28.17701981,2023-08-04 16:22:23.294,50.77901981,2023-08-04 16:22:23.630,40.50601981,,0.336,,0.232,,0.56,,36.395,,hypogravity,5,6
,,65.41801981,2023-08-04 16:22:24.158,28.47301981,2023-08-04 16:22:23.862,50.52801981,2023-08-04 16:22:24.190,40.555353143333335,,0.328,,0.24,,0.552,,36.94500000000001,,hypogravity,5,6
,,66.48201981,2023-08-04 16:22:24.710,28.12401981,2023-08-04 16:22:24.430,50.55801981,2023-08-04 16:22:24.750,40.97401981,,0.32,,0.248,,0.568,,38.358,,hypogravity,5,6
,,64.76001981,2023-08-04 16:22:25.278,28.22001981,2023-08-04 16:22:24.998,50.13601981,2023-08-04 16:22:25.310,40.37135314333333,,0.312,,0.232,,0.56,,36.540000000000006,,hypogravity,5,6
,,64.30301981,2023-08-04 16:22:25.838,28.17701981,2023-08-04 16:22:25.542,50.45701981,2023-08-04 16:22:25.870,40.25635314333333,,0.328,,0.232,,0.552,,36.12599999999999,,hypogravity,5,6
,,66.43801981,2023-08-04 16:22:26.390,28.23301981,2023-08-04 16:22:26.102,50.15401981,2023-08-04 16:22:26.430,40.88801981,,0.328,,0.24,,0.56,,38.205,,hypogravity,5,6
,,66.29701981,2023-08-04 16:22:26.950,28.11301981,2023-08-04 16:22:26.670,50.42701981,2023-08-04 16:22:26.990,40.72501980999999,,0.32,,0.24,,0.568,,38.184,,hypogravity,5,6
,,63.54501981,2023-08-04 16:22:27.518,27.93901981,2023-08-04 16:22:27.230,50.16701981,2023-08-04 16:22:27.550,39.799686476666665,,0.32,,0.24,,0.552,,35.605999999999995,,hypogravity,5,6
,,64.34501981,2023-08-04 16:22:28.070,27.92701981,2023-08-04 16:22:27.790,50.31301981,2023-08-04 16:22:28.110,40.12768647666666,,0.32,,0.232,,0.56,,36.41799999999999,,hypogravity,5,6
,,64.75601981,2023-08-04 16:22:28.630,28.01901981,2023-08-04 16:22:28.342,50.46001981,2023-08-04 16:22:28.670,40.26135314333333,,0.328,,0.24,,0.56,,36.737,,hypogravity,5,6
,,64.53601981,2023-08-04 16:22:29.190,28.01401981,2023-08-04 16:22:28.910,50.33401981,2023-08-04 16:22:29.230,40.049353143333335,,0.32,,0.232,,0.56,,36.522,,hypogravity,5,6
,,64.92301981,2023-08-04 16:22:29.750,27.80601981,2023-08-04 16:22:29.462,50.23501981,2023-08-04 16:22:29.790,,,0.328,,,,,,37.117,,hypogravity,5,6
62.3588262616129,27.167439164838715,62.08801981,2023-08-04 16:33:34.302,24.84401981,2023-08-04 16:33:34.006,48.53801981,2023-08-04 16:33:34.342,37.50868647666666,38.94537536555554,0.336,0.3264516129032258,0.208,0.2368,0.568,106.58455708195169,37.244,35.19138709677419,hypogravity,5,7
,,62.72901981,2023-08-04 16:33:34.870,25.21901981,2023-08-04 16:33:34.550,50.04701981,2023-08-04 16:33:34.918,38.32568647666666,,0.368,,0.208,,0.576,,37.51,,hypogravity,5,7
,,61.96601981,2023-08-04 16:33:35.446,26.12401981,2023-08-04 16:33:35.126,51.03101981,2023-08-04 16:33:35.486,38.32535314333333,,0.36,,0.232,,0.568,,35.842,,hypogravity,5,7
,,61.41101981,2023-08-04 16:33:36.014,26.50501981,2023-08-04 16:33:35.718,50.98801981,2023-08-04 16:33:36.062,38.552353143333335,,0.344,,0.224,,0.568,,34.906,,hypogravity,5,7
,,65.21601981,2023-08-04 16:33:36.582,27.12301981,2023-08-04 16:33:36.286,50.06101981,2023-08-04 16:33:36.630,40.09268647666666,,0.344,,0.232,,0.568,,38.093,,hypogravity,5,7
,,63.46301981,2023-08-04 16:33:37.150,27.53101981,2023-08-04 16:33:36.862,51.21001981,2023-08-04 16:33:37.198,39.69635314333333,,0.336,,0.232,,0.568,,35.932,,hypogravity,5,7
,,63.43501981,2023-08-04 16:33:37.718,27.81301981,2023-08-04 16:33:37.430,52.22701981,2023-08-04 16:33:37.798,39.54235314333333,,0.368,,0.28,,0.568,,35.622,,hypogravity,5,7
,,64.08701981,2023-08-04 16:33:38.286,27.59601981,2023-08-04 16:33:38.078,48.94601981,2023-08-04 16:33:38.326,39.452353143333326,,0.248,,0.312,,0.568,,36.491,,hypogravity,5,7
,,63.67901981,2023-08-04 16:33:38.854,27.13501981,2023-08-04 16:33:38.638,49.19001981,2023-08-04 16:33:38.894,39.31568647666667,,0.256,,0.224,,0.56,,36.544,,hypogravity,5,7
,,62.82101981,2023-08-04 16:33:39.414,27.13401981,2023-08-04 16:33:39.118,51.03401981,2023-08-04 16:33:39.454,39.12101981,,0.336,,0.232,,0.56,,35.687,,hypogravity,5,7
,,64.32601981,2023-08-04 16:33:39.974,27.27101981,2023-08-04 16:33:39.686,49.23701981,2023-08-04 16:33:40.022,39.53735314333333,,0.336,,0.232,,0.568,,37.05500000000001,,hypogravity,5,7
,,63.70401981,2023-08-04 16:33:40.542,27.14301981,2023-08-04 16:33:40.254,49.15701981,2023-08-04 16:33:40.582,39.46868647666666,,0.328,,0.24,,0.56,,36.561,,hypogravity,5,7
,,64.64101981,2023-08-04 16:33:41.102,27.35101981,2023-08-04 16:33:40.822,49.92601981,2023-08-04 16:33:41.150,39.76168647666667,,0.328,,0.232,,0.56,,37.290000000000006,,hypogravity,5,7
,,63.37001981,2023-08-04 16:33:41.662,27.32201981,2023-08-04 16:33:41.382,48.99801981,2023-08-04 16:33:41.710,39.22001981,,0.328,,0.232,,0.568,,36.048,,hypogravity,5,7
,,63.81201981,2023-08-04 16:33:42.230,27.14501981,2023-08-04 16:33:41.942,48.28601981,2023-08-04 16:33:42.270,39.43201981,,0.328,,0.232,,0.56,,36.667,,hypogravity,5,7
,,63.18101981,2023-08-04 16:33:42.790,27.24201981,2023-08-04 16:33:42.502,48.81501981,2023-08-04 16:33:42.830,39.31635314333333,,0.328,,0.24,,0.56,,35.93900000000001,,hypogravity,5,7
,,61.64101981,2023-08-04 16:33:43.350,27.38401981,2023-08-04 16:33:43.070,49.01901981,2023-08-04 16:33:43.390,38.72168647666666,,0.32,,0.24,,0.56,,34.257000000000005,,hypogravity,5,7
,,63.24201981,2023-08-04 16:33:43.910,27.26201981,2023-08-04 16:33:43.630,50.07201981,2023-08-04 16:33:43.950,39.33135314333333,,0.32,,0.24,,0.56,,35.980000000000004,,hypogravity,5,7
,,63.92301981,2023-08-04 16:33:44.470,27.37601981,2023-08-04 16:33:44.190,49.31901981,2023-08-04 16:33:44.510,39.430353143333335,,0.32,,0.24,,0.56,,36.547,,hypogravity,5,7
,,61.97501981,2023-08-04 16:33:45.030,27.18401981,2023-08-04 16:33:44.750,48.89201981,2023-08-04 16:33:45.070,38.84368647666666,,0.32,,0.232,,0.568,,34.791,,hypogravity,5,7
,,62.41101981,2023-08-04 16:33:45.598,27.27801981,2023-08-04 16:33:45.302,49.22601981,2023-08-04 16:33:45.638,39.06035314333333,,0.336,,0.224,,0.552,,35.133,,hypogravity,5,7
,,60.88901981,2023-08-04 16:33:46.150,27.38501981,2023-08-04 16:33:45.862,48.00901981,2023-08-04 16:33:46.190,38.77368647666667,,0.328,,0.232,,0.56,,33.504000000000005,,hypogravity,5,7
,,60.08001981,2023-08-04 16:33:46.710,27.71601981,2023-08-04 16:33:46.422,48.06401981,2023-08-04 16:33:46.750,38.53868647666667,,0.328,,0.216,,0.552,,32.364000000000004,,hypogravity,5,7
,,60.24001981,2023-08-04 16:33:47.262,27.76801981,2023-08-04 16:33:46.966,48.00101981,2023-08-04 16:33:47.310,38.30401981,,0.344,,0.24,,0.568,,32.472,,hypogravity,5,7
,,61.17401981,2023-08-04 16:33:47.830,27.33601981,2023-08-04 16:33:47.550,47.55201981,2023-08-04 16:33:47.870,38.71735314333333,,0.32,,0.248,,0.552,,33.837999999999994,,hypogravity,5,7
,,60.10801981,2023-08-04 16:33:48.382,27.48901981,2023-08-04 16:33:48.118,47.63101981,2023-08-04 16:33:48.430,38.33335314333333,,0.312,,0.216,,0.56,,32.619,,hypogravity,5,7
,,60.05901981,2023-08-04 16:33:48.942,27.44601981,2023-08-04 16:33:48.646,47.03601981,2023-08-04 16:33:48.990,38.38501981,,0.344,,0.216,,0.56,,32.613,,hypogravity,5,7
,,60.73901981,2023-08-04 16:33:49.502,27.54801981,2023-08-04 16:33:49.206,47.34401981,2023-08-04 16:33:49.550,38.747686476666665,,0.344,,0.24,,0.568,,33.191,,hypogravity,5,7
,,59.91301981,2023-08-04 16:33:50.070,27.75201981,2023-08-04 16:33:49.790,47.81601981,2023-08-04 16:33:50.110,38.329686476666666,,0.32,,0.24,,0.56,,32.161,,hypogravity,5,7
,,60.06701981,2023-08-04 16:33:50.630,27.53801981,2023-08-04 16:33:50.350,47.48401981,2023-08-04 16:33:50.670,38.17568647666667,,0.32,,0.288,,0.56,,32.529,,hypogravity,5,7
,,62.73301981,2023-08-04 16:33:51.190,27.23001981,2023-08-04 16:33:50.958,47.23801981,2023-08-04 16:33:51.230,,,0.272,,,,,,35.503,,hypogravity,5,7
60.70669628058823,26.831313927647056,61.09501981,2023-08-04 16:46:00.262,24.62001981,2023-08-04 16:45:59.958,47.89601981,2023-08-04 16:46:00.310,36.92901981,38.18410061808081,0.352,0.3317647058823529,0.208,0.2317575757575757,0.576,106.5891472868217,36.475,33.87538235294117,hypogravity,5,8
,,61.65601981,2023-08-04 16:46:00.838,24.84601981,2023-08-04 16:46:00.518,48.74701981,2023-08-04 16:46:00.878,37.65468647666667,,0.36,,0.208,,0.576,,36.81,,hypogravity,5,8
,,62.41101981,2023-08-04 16:46:01.414,25.65401981,2023-08-04 16:46:01.086,48.85801981,2023-08-04 16:46:01.454,38.40968647666666,,0.368,,0.232,,0.568,,36.757,,hypogravity,5,8
,,62.28801981,2023-08-04 16:46:01.982,26.40901981,2023-08-04 16:46:01.686,49.46001981,2023-08-04 16:46:02.030,38.90135314333333,,0.344,,0.224,,0.576,,35.879000000000005,,hypogravity,5,8
,,63.17801981,2023-08-04 16:46:02.558,27.20801981,2023-08-04 16:46:02.254,48.98301981,2023-08-04 16:46:02.598,39.47601981,,0.344,,0.232,,0.56,,35.97,,hypogravity,5,8
,,61.56001981,2023-08-04 16:46:03.118,27.62501981,2023-08-04 16:46:02.830,48.65301981,2023-08-04 16:46:03.166,38.87801981,,0.336,,0.24,,0.576,,33.935,,hypogravity,5,8
,,62.53901981,2023-08-04 16:46:03.694,27.53701981,2023-08-04 16:46:03.406,49.70101981,2023-08-04 16:46:03.734,39.04368647666666,,0.328,,0.224,,0.56,,35.001999999999995,,hypogravity,5,8
,,60.83401981,2023-08-04 16:46:04.254,27.29601981,2023-08-04 16:46:03.958,48.15401981,2023-08-04 16:46:04.302,38.31268647666666,,0.344,,0.312,,0.576,,33.538,,hypogravity,5,8
,,61.55201981,2023-08-04 16:46:04.830,27.05201981,2023-08-04 16:46:04.614,49.31401981,2023-08-04 16:46:04.862,38.47935314333333,,0.248,,0.224,,0.56,,34.5,,hypogravity,5,8
,,60.82801981,2023-08-04 16:46:05.390,26.94301981,2023-08-04 16:46:05.086,47.60301981,2023-08-04 16:46:05.430,38.33735314333333,,0.344,,0.224,,0.56,,33.885000000000005,,hypogravity,5,8
,,62.87001981,2023-08-04 16:46:05.950,27.09201981,2023-08-04 16:46:05.654,48.33001981,2023-08-04 16:46:05.990,38.86401981,,0.336,,0.232,,0.576,,35.778000000000006,,hypogravity,5,8
,,60.87801981,2023-08-04 16:46:06.526,26.86101981,2023-08-04 16:46:06.222,48.98001981,2023-08-04 16:46:06.558,38.413353143333325,,0.336,,0.232,,0.544,,34.017,,hypogravity,5,8
,,59.79701981,2023-08-04 16:46:07.070,27.18101981,2023-08-04 16:46:06.790,47.21001981,2023-08-04 16:46:07.118,37.82635314333333,,0.328,,0.232,,0.576,,32.616,,hypogravity,5,8
,,61.67501981,2023-08-04 16:46:07.646,26.84101981,2023-08-04 16:46:07.350,47.58001981,2023-08-04 16:46:07.686,38.52901981,,0.336,,0.224,,0.56,,34.834,,hypogravity,5,8
,,60.90401981,2023-08-04 16:46:08.206,26.95601981,2023-08-04 16:46:07.910,46.91301981,2023-08-04 16:46:08.246,38.33068647666666,,0.336,,0.224,,0.568,,33.948,,hypogravity,5,8
,,61.13701981,2023-08-04 16:46:08.774,27.04401981,2023-08-04 16:46:08.470,47.71901981,2023-08-04 16:46:08.806,38.26968647666666,,0.336,,0.232,,0.56,,34.093,,hypogravity,5,8
,,61.32101981,2023-08-04 16:46:09.334,26.83601981,2023-08-04 16:46:09.038,48.60101981,2023-08-04 16:46:09.366,38.42301981,,0.328,,0.232,,0.552,,34.485,,hypogravity,5,8
,,59.78901981,2023-08-04 16:46:09.886,26.97401981,2023-08-04 16:46:09.598,47.10701981,2023-08-04 16:46:09.926,37.79235314333333,,0.328,,0.224,,0.568,,32.815,,hypogravity,5,8
,,60.16301981,2023-08-04 16:46:10.454,26.79401981,2023-08-04 16:46:10.150,48.36801981,2023-08-04 16:46:10.494,38.05435314333333,,0.344,,0.224,,0.56,,33.369,,hypogravity,5,8
,,60.68701981,2023-08-04 16:46:11.014,27.00001981,2023-08-04 16:46:10.718,48.64101981,2023-08-04 16:46:11.054,38.17235314333333,,0.336,,0.232,,0.552,,33.687,,hypogravity,5,8
,,59.88501981,2023-08-04 16:46:11.566,26.91501981,2023-08-04 16:46:11.286,46.68101981,2023-08-04 16:46:11.606,37.84901981,,0.32,,0.24,,0.56,,32.97,,hypogravity,5,8
,,59.93901981,2023-08-04 16:46:12.126,26.83101981,2023-08-04 16:46:11.846,46.75401981,2023-08-04 16:46:12.166,37.81301981,,0.32,,0.232,,0.568,,33.108,,hypogravity,5,8
,,61.45801981,2023-08-04 16:46:12.694,26.75001981,2023-08-04 16:46:12.398,46.83101981,2023-08-04 16:46:12.734,38.40601981,,0.336,,0.232,,0.56,,34.708,,hypogravity,5,8
,,58.78901981,2023-08-04 16:46:13.254,26.88001981,2023-08-04 16:46:12.966,46.33301981,2023-08-04 16:46:13.286,37.491686476666665,,0.32,,0.224,,0.552,,31.909,,hypogravity,5,8
,,59.17701981,2023-08-04 16:46:13.806,26.84301981,2023-08-04 16:46:13.510,45.85901981,2023-08-04 16:46:13.846,37.82768647666666,,0.336,,0.232,,0.552,,32.334,,hypogravity,5,8
,,59.14301981,2023-08-04 16:46:14.358,27.15301981,2023-08-04 16:46:14.078,46.05801981,2023-08-04 16:46:14.406,37.71101981,,0.328,,0.24,,0.56,,31.99,,hypogravity,5,8
,,58.08301981,2023-08-04 16:46:14.918,26.99501981,2023-08-04 16:46:14.646,45.54701981,2023-08-04 16:46:14.966,37.40701981,,0.32,,0.232,,0.576,,31.088000000000005,,hypogravity,5,8
,,61.33101981,2023-08-04 16:46:15.494,27.06901981,2023-08-04 16:46:15.198,47.56401981,2023-08-04 16:46:15.534,38.51101980999999,,0.336,,0.232,,0.544,,34.262,,hypogravity,5,8
,,58.58401981,2023-08-04 16:46:16.038,27.10101981,2023-08-04 16:46:15.766,45.51301981,2023-08-04 16:46:16.086,37.56001981,,0.32,,0.232,,0.568,,31.483,,hypogravity,5,8
,,61.15701981,2023-08-04 16:46:16.606,27.04801981,2023-08-04 16:46:16.318,46.54501981,2023-08-04 16:46:16.646,38.43768647666666,,0.328,,0.232,,0.56,,34.109,,hypogravity,5,8
,,60.87801981,2023-08-04 16:46:17.166,27.07801981,2023-08-04 16:46:16.878,45.88701981,2023-08-04 16:46:17.206,38.23468647666667,,0.328,,0.24,,0.56,,33.8,,hypogravity,5,8
,,60.38801981,2023-08-04 16:46:17.726,26.91301981,2023-08-04 16:46:17.446,45.76901981,2023-08-04 16:46:17.766,38.06401981,,0.32,,0.232,,0.552,,33.475,,hypogravity,5,8
,,58.96201981,2023-08-04 16:46:18.278,26.90201981,2023-08-04 16:46:17.998,46.12801981,2023-08-04 16:46:18.326,37.66535314333333,,0.328,,0.232,,0.56,,32.06,,hypogravity,5,8
,,59.09101981,2023-08-04 16:46:18.838,27.01701981,2023-08-04 16:46:18.558,46.16501981,2023-08-04 16:46:18.886,,,0.328,,,,,,32.074,,hypogravity,5,8
59.71490216294118,26.14701981,58.72501981,2023-08-04 16:54:09.334,26.42001981,2023-08-04 16:54:09.142,47.17001981,2023-08-04 16:54:09.350,35.58701981,37.30471677969697,0.208,0.3268235294117647,0.32,0.2327272727272727,0.576,106.68103448275863,32.305,33.567882352941176,hypogravity,5,9
,,57.89301981,2023-08-04 16:54:09.910,24.01801981,2023-08-04 16:54:09.670,47.21801981,2023-08-04 16:54:09.926,35.659686476666664,,0.256,,0.208,,0.552,,33.875,,hypogravity,5,9
,,59.35801981,2023-08-04 16:54:10.462,24.54301981,2023-08-04 16:54:10.134,48.00201981,2023-08-04 16:54:10.502,36.25801981,,0.368,,0.208,,0.576,,34.815,,hypogravity,5,9
,,58.79601981,2023-08-04 16:54:11.038,24.70801981,2023-08-04 16:54:10.710,48.87601981,2023-08-04 16:54:11.102,36.57268647666666,,0.392,,0.2,,0.584,,34.087999999999994,,hypogravity,5,9
,,59.92801981,2023-08-04 16:54:11.622,25.46101981,2023-08-04 16:54:11.302,48.69901981,2023-08-04 16:54:11.638,37.53801981,,0.336,,0.24,,0.536,,34.467,,hypogravity,5,9
,,59.71001981,2023-08-04 16:54:12.158,26.34301981,2023-08-04 16:54:11.878,48.95801981,2023-08-04 16:54:12.214,37.74135314333333,,0.336,,0.224,,0.584,,33.367,,hypogravity,5,9
,,61.40001981,2023-08-04 16:54:12.742,26.75701981,2023-08-04 16:54:12.438,46.57701981,2023-08-04 16:54:12.806,38.22668647666666,,0.368,,0.2,,0.568,,34.643,,hypogravity,5,9
,,60.89401981,2023-08-04 16:54:13.310,26.64001981,2023-08-04 16:54:13.006,48.94601981,2023-08-04 16:54:13.342,37.99401981,,0.336,,0.224,,0.56,,34.254000000000005,,hypogravity,5,9
,,62.07101981,2023-08-04 16:54:13.870,26.54401981,2023-08-04 16:54:13.566,47.79701981,2023-08-04 16:54:13.910,38.28968647666667,,0.344,,0.312,,0.568,,35.527,,hypogravity,5,9
,,60.76001981,2023-08-04 16:54:14.438,26.39901981,2023-08-04 16:54:14.222,47.29601981,2023-08-04 16:54:14.478,37.24001981,,0.256,,0.224,,0.56,,34.361000000000004,,hypogravity,5,9
,,58.95701981,2023-08-04 16:54:14.998,25.48001981,2023-08-04 16:54:14.702,46.51501981,2023-08-04 16:54:15.038,37.29768647666666,,0.336,,0.24,,0.56,,33.477,,hypogravity,5,9
,,58.82201981,2023-08-04 16:54:15.558,26.46801981,2023-08-04 16:54:15.278,46.80301981,2023-08-04 16:54:15.606,37.22935314333333,,0.328,,0.232,,0.568,,32.354,,hypogravity,5,9
,,59.45201981,2023-08-04 16:54:16.126,26.43301981,2023-08-04 16:54:15.838,46.28901981,2023-08-04 16:54:16.166,37.26135314333334,,0.328,,0.232,,0.552,,33.019000000000005,,hypogravity,5,9
,,59.82201981,2023-08-04 16:54:16.678,26.16601981,2023-08-04 16:54:16.398,45.74101981,2023-08-04 16:54:16.726,37.53401981,,0.328,,0.24,,0.576,,33.656,,hypogravity,5,9
,,60.09701981,2023-08-04 16:54:17.254,26.39001981,2023-08-04 16:54:16.966,47.58401981,2023-08-04 16:54:17.326,37.52701981,,0.36,,0.192,,0.56,,33.707,,hypogravity,5,9
,,60.03701981,2023-08-04 16:54:17.814,26.24201981,2023-08-04 16:54:17.518,47.32201981,2023-08-04 16:54:17.854,37.57768647666666,,0.336,,0.232,,0.56,,33.795,,hypogravity,5,9
,,60.15901981,2023-08-04 16:54:18.374,26.34801981,2023-08-04 16:54:18.086,45.58101981,2023-08-04 16:54:18.414,37.463686476666666,,0.328,,0.192,,0.568,,33.81099999999999,,hypogravity,5,9
,,59.00501981,2023-08-04 16:54:18.942,26.11601981,2023-08-04 16:54:18.606,46.32201981,2023-08-04 16:54:18.974,37.09368647666666,,0.368,,0.232,,0.552,,32.889,,hypogravity,5,9
,,58.91401981,2023-08-04 16:54:19.494,26.13801981,2023-08-04 16:54:19.206,45.50501981,2023-08-04 16:54:19.534,37.12801981,,0.328,,0.232,,0.56,,32.776,,hypogravity,5,9
,,57.74801981,2023-08-04 16:54:20.054,26.23501981,2023-08-04 16:54:19.766,45.27501981,2023-08-04 16:54:20.094,36.69001981,,0.328,,0.232,,0.568,,31.513,,hypogravity,5,9
,,57.86801981,2023-08-04 16:54:20.622,26.16101981,2023-08-04 16:54:20.326,46.12501981,2023-08-04 16:54:20.654,36.92068647666666,,0.328,,0.24,,0.56,,31.707,,hypogravity,5,9
,,59.58501981,2023-08-04 16:54:21.182,26.44701981,2023-08-04 16:54:20.894,47.25601981,2023-08-04 16:54:21.214,37.49768647666666,,0.32,,0.232,,0.552,,33.138,,hypogravity,5,9
,,60.84601981,2023-08-04 16:54:21.734,26.45401981,2023-08-04 16:54:21.446,45.04501981,2023-08-04 16:54:21.774,37.84001981,,0.328,,0.232,,0.56,,34.392,,hypogravity,5,9
,,60.66401981,2023-08-04 16:54:22.294,26.33701981,2023-08-04 16:54:22.006,44.99901981,2023-08-04 16:54:22.334,37.71135314333333,,0.328,,0.232,,0.56,,34.327,,hypogravity,5,9
,,60.95301981,2023-08-04 16:54:22.854,26.23501981,2023-08-04 16:54:22.566,45.41701981,2023-08-04 16:54:22.894,37.88035314333333,,0.328,,0.232,,0.56,,34.718,,hypogravity,5,9
,,57.65601981,2023-08-04 16:54:23.414,26.34401981,2023-08-04 16:54:23.126,44.53501981,2023-08-04 16:54:23.454,36.77801981,,0.328,,0.232,,0.552,,31.312,,hypogravity,5,9
,,59.20701981,2023-08-04 16:54:23.966,26.33901981,2023-08-04 16:54:23.686,44.23001981,2023-08-04 16:54:24.014,37.30368647666667,,0.328,,0.232,,0.576,,32.867999999999995,,hypogravity,5,9
,,59.19701981,2023-08-04 16:54:24.542,26.35201981,2023-08-04 16:54:24.246,46.56301981,2023-08-04 16:54:24.574,37.32168647666667,,0.328,,0.24,,0.552,,32.845,,hypogravity,5,9
,,56.89901981,2023-08-04 16:54:25.094,26.38401981,2023-08-04 16:54:24.814,45.26601981,2023-08-04 16:54:25.134,36.53168647666666,,0.32,,0.232,,0.56,,30.515,,hypogravity,5,9
,,59.88401981,2023-08-04 16:54:25.654,26.34801981,2023-08-04 16:54:25.366,44.74501981,2023-08-04 16:54:25.694,37.65935314333333,,0.328,,0.24,,0.56,,33.536,,hypogravity,5,9
,,60.45301981,2023-08-04 16:54:26.214,26.54701981,2023-08-04 16:54:25.934,44.95701981,2023-08-04 16:54:26.254,37.85968647666667,,0.32,,0.232,,0.56,,33.906000000000006,,hypogravity,5,9
,,60.44801981,2023-08-04 16:54:26.774,26.56301981,2023-08-04 16:54:26.486,45.08201981,2023-08-04 16:54:26.814,37.55535314333333,,0.328,,0.232,,0.56,,33.885,,hypogravity,5,9
,,61.80101981,2023-08-04 16:54:27.334,26.10901981,2023-08-04 16:54:27.046,45.54001981,2023-08-04 16:54:27.374,38.28635314333333,,0.328,,0.256,,0.56,,35.692,,hypogravity,5,9
,,62.29701981,2023-08-04 16:54:27.894,26.52901981,2023-08-04 16:54:27.630,44.47401981,2023-08-04 16:54:27.934,,,0.304,,,,,,35.768,,hypogravity,5,9
56.37277738575757,24.364747082727277,55.14401981,2023-08-04 17:02:47.758,22.06401981,2023-08-04 17:02:47.430,43.26001981,2023-08-04 17:02:47.806,33.08001981,35.09097814333333,0.376,0.3212121212121213,0.224,0.24475,0.608,106.47737355811888,33.08,32.0080303030303,hypogravity,5,10
,,54.81501981,2023-08-04 17:02:48.366,22.04801981,2023-08-04 17:02:48.030,44.59701981,2023-08-04 17:02:48.382,33.06368647666667,,0.352,,0.32,,0.544,,32.767,,hypogravity,5,10
,,55.98801981,2023-08-04 17:02:48.910,22.18801981,2023-08-04 17:02:48.702,44.87101981,2023-08-04 17:02:48.950,34.50535314333333,,0.248,,0.32,,0.568,,33.8,,hypogravity,5,10
,,58.01101981,2023-08-04 17:02:49.478,23.76401981,2023-08-04 17:02:49.270,46.51501981,2023-08-04 17:02:49.526,35.46835314333333,,0.256,,0.32,,0.576,,34.247,,hypogravity,5,10
,,56.71301981,2023-08-04 17:02:50.054,24.19701981,2023-08-04 17:02:49.846,46.33401981,2023-08-04 17:02:50.094,34.75635314333333,,0.248,,0.232,,0.576,,32.516,,hypogravity,5,10
,,57.56701981,2023-08-04 17:02:50.630,23.77801981,2023-08-04 17:02:50.326,47.06401981,2023-08-04 17:02:50.662,35.183686476666665,,0.336,,0.232,,0.568,,33.789,,hypogravity,5,10
,,56.15901981,2023-08-04 17:02:51.198,23.99201981,2023-08-04 17:02:50.894,46.80301981,2023-08-04 17:02:51.230,35.08301981,,0.336,,0.232,,0.56,,32.167,,hypogravity,5,10
,,55.79101981,2023-08-04 17:02:51.758,24.54501981,2023-08-04 17:02:51.462,44.97701981,2023-08-04 17:02:51.798,35.25435314333333,,0.336,,0.32,,0.584,,31.246,,hypogravity,5,10
,,56.41101981,2023-08-04 17:02:52.342,24.98601981,2023-08-04 17:02:52.118,46.20601981,2023-08-04 17:02:52.358,35.35035314333333,,0.24,,0.208,,0.544,,31.425,,hypogravity,5,10
,,55.80801981,2023-08-04 17:02:52.886,24.82001981,2023-08-04 17:02:52.566,45.26901981,2023-08-04 17:02:52.926,34.95935314333333,,0.36,,0.224,,0.584,,30.988,,hypogravity,5,10
,,55.69401981,2023-08-04 17:02:53.470,24.53501981,2023-08-04 17:02:53.150,45.14001981,2023-08-04 17:02:53.494,34.91468647666667,,0.344,,0.312,,0.544,,31.159,,hypogravity,5,10
,,56.62001981,2023-08-04 17:02:54.014,24.52501981,2023-08-04 17:02:53.806,43.42601981,2023-08-04 17:02:54.054,35.281353143333334,,0.248,,0.224,,0.568,,32.095,,hypogravity,5,10
,,56.54201981,2023-08-04 17:02:54.582,24.61201981,2023-08-04 17:02:54.278,44.07401981,2023-08-04 17:02:54.622,35.38401981,,0.344,,0.312,,0.56,,31.93,,hypogravity,5,10
,,57.48201981,2023-08-04 17:02:55.142,24.80501981,2023-08-04 17:02:54.934,44.74601981,2023-08-04 17:02:55.182,35.56068647666666,,0.248,,0.232,,0.568,,32.67699999999999,,hypogravity,5,10
,,56.30501981,2023-08-04 17:02:55.710,24.60001981,2023-08-04 17:02:55.414,45.97901981,2023-08-04 17:02:55.742,35.16501981,,0.328,,0.232,,0.56,,31.705,,hypogravity,5,10
,,57.94801981,2023-08-04 17:02:56.270,24.59501981,2023-08-04 17:02:55.974,44.57101981,2023-08-04 17:02:56.310,35.55668647666666,,0.336,,0.224,,0.56,,33.352999999999994,,hypogravity,5,10
,,54.87201981,2023-08-04 17:02:56.830,24.36101981,2023-08-04 17:02:56.534,43.45801981,2023-08-04 17:02:56.870,34.64001981,,0.336,,0.224,,0.56,,30.511,,hypogravity,5,10
,,55.44201981,2023-08-04 17:02:57.390,24.52401981,2023-08-04 17:02:57.094,44.57401981,2023-08-04 17:02:57.430,34.78401981,,0.336,,0.224,,0.56,,30.918,,hypogravity,5,10
,,57.13101981,2023-08-04 17:02:57.950,24.45501981,2023-08-04 17:02:57.654,43.86701981,2023-08-04 17:02:57.990,35.53901981,,0.336,,0.208,,0.568,,32.676,,hypogravity,5,10
,,54.56301981,2023-08-04 17:02:58.518,24.74301981,2023-08-04 17:02:58.198,44.47701981,2023-08-04 17:02:58.550,34.55168647666666,,0.352,,0.2,,0.552,,29.82,,hypogravity,5,10
,,53.98401981,2023-08-04 17:02:59.070,24.54601981,2023-08-04 17:02:58.750,43.54401981,2023-08-04 17:02:59.110,34.51535314333333,,0.36,,0.232,,0.56,,29.438,,hypogravity,5,10
,,55.74001981,2023-08-04 17:02:59.630,24.78101981,2023-08-04 17:02:59.342,44.64701981,2023-08-04 17:02:59.670,35.071353143333326,,0.328,,0.216,,0.56,,30.959,,hypogravity,5,10
,,54.19601981,2023-08-04 17:03:00.190,24.73701981,2023-08-04 17:02:59.886,44.45201981,2023-08-04 17:03:00.230,34.67801981,,0.344,,0.24,,0.568,,29.459000000000003,,hypogravity,5,10
,,55.78201981,2023-08-04 17:03:00.758,24.91901981,2023-08-04 17:03:00.470,44.38301981,2023-08-04 17:03:00.790,35.14401981,,0.32,,0.24,,0.552,,30.863,,hypogravity,5,10
,,55.76801981,2023-08-04 17:03:01.310,24.82501981,2023-08-04 17:03:01.030,44.04401981,2023-08-04 17:03:01.350,35.09335314333333,,0.32,,0.232,,0.56,,30.943,,hypogravity,5,10
,,56.61301981,2023-08-04 17:03:01.870,24.75601981,2023-08-04 17:03:01.582,44.59601981,2023-08-04 17:03:01.910,35.44701981,,0.328,,0.232,,0.552,,31.857,,hypogravity,5,10
,,57.96301981,2023-08-04 17:03:02.422,24.86401981,2023-08-04 17:03:02.142,42.69301981,2023-08-04 17:03:02.470,35.85635314333333,,0.328,,0.224,,0.568,,33.099000000000004,,hypogravity,5,10
,,58.61801981,2023-08-04 17:03:02.990,24.80301981,2023-08-04 17:03:02.694,43.36301981,2023-08-04 17:03:03.030,36.17668647666666,,0.336,,0.232,,0.56,,33.815,,hypogravity,5,10
,,58.33601981,2023-08-04 17:03:03.550,24.95601981,2023-08-04 17:03:03.262,44.43801981,2023-08-04 17:03:03.590,35.99335314333334,,0.328,,0.232,,0.552,,33.38,,hypogravity,5,10
,,58.10501981,2023-08-04 17:03:04.102,24.82201981,2023-08-04 17:03:03.822,43.88501981,2023-08-04 17:03:04.150,35.94101981,,0.328,,0.232,,0.568,,33.283,,hypogravity,5,10
,,56.75801981,2023-08-04 17:03:04.670,24.85901981,2023-08-04 17:03:04.382,45.25201981,2023-08-04 17:03:04.710,35.44335314333333,,0.328,,0.224,,0.56,,31.899,,hypogravity,5,10
,,57.91901981,2023-08-04 17:03:05.230,24.78601981,2023-08-04 17:03:04.934,43.90201981,2023-08-04 17:03:05.270,35.469686476666666,,0.336,,0.272,,0.56,,33.133,,hypogravity,5,10
,,55.51301981,2023-08-04 17:03:05.790,24.24501981,2023-08-04 17:03:05.542,45.71101981,2023-08-04 17:03:05.862,,,0.32,,,,,,31.268000000000004,,hypogravity,5,10
49.41163992173184,19.017204167541895,62.37101981,2023-08-04 18:37:56.550,22.22301981,2023-08-04 18:37:55.046,49.19201981,2023-08-04 18:37:56.606,35.48635314333333,29.14578947292135,1.56,0.2481340782122905,0.28,0.3197752808988763,0.584,107.022607022607,40.148,30.394435754189946,normogravity,5,
,,59.89901981,2023-08-04 18:37:57.134,22.04401981,2023-08-04 18:37:56.886,46.88501981,2023-08-04 18:37:57.158,34.33435314333333,,0.272,,0.232,,0.584,,37.855,,normogravity,5,
,,59.56701981,2023-08-04 18:37:57.718,21.55201981,2023-08-04 18:37:57.390,46.48901981,2023-08-04 18:37:57.734,34.28568647666666,,0.344,,0.24,,0.552,,38.015,,normogravity,5,
,,57.99101981,2023-08-04 18:37:58.270,21.64501981,2023-08-04 18:37:57.974,46.22401981,2023-08-04 18:37:58.310,33.73435314333333,,0.336,,0.24,,0.568,,36.346,,normogravity,5,
,,57.19401981,2023-08-04 18:37:58.838,21.60601981,2023-08-04 18:37:58.550,44.05601981,2023-08-04 18:37:58.886,33.299353143333335,,0.336,,0.232,,0.576,,35.588,,normogravity,5,
,,56.14201981,2023-08-04 18:37:59.414,21.35201981,2023-08-04 18:37:59.118,45.17001981,2023-08-04 18:37:59.454,33.038019809999994,,0.336,,0.248,,0.568,,34.79,,normogravity,5,
,,56.89201981,2023-08-04 18:37:59.982,21.48601981,2023-08-04 18:37:59.702,43.36901981,2023-08-04 18:38:00.030,33.20068647666666,,0.328,,0.304,,0.568,,35.406000000000006,,normogravity,5,
,,56.74801981,2023-08-04 18:38:00.550,21.35501981,2023-08-04 18:38:00.334,43.31501981,2023-08-04 18:38:00.598,33.03868647666667,,0.264,,0.304,,0.568,,35.393,,normogravity,5,
,,56.31001981,2023-08-04 18:38:01.118,21.18401981,2023-08-04 18:38:00.902,43.83101981,2023-08-04 18:38:01.166,32.884686476666666,,0.264,,0.312,,0.568,,35.126000000000005,,normogravity,5,
,,55.43001981,2023-08-04 18:38:01.686,21.17201981,2023-08-04 18:38:01.478,44.26501981,2023-08-04 18:38:01.734,32.61468647666666,,0.256,,0.216,,0.568,,34.258,,normogravity,5,
,,55.79701981,2023-08-04 18:38:02.254,21.20701981,2023-08-04 18:38:01.950,43.29001981,2023-08-04 18:38:02.294,32.53635314333333,,0.344,,0.232,,0.568,,34.59,,normogravity,5,
,,55.30401981,2023-08-04 18:38:02.822,20.90601981,2023-08-04 18:38:02.526,42.66301981,2023-08-04 18:38:02.862,32.42335314333333,,0.336,,0.216,,0.56,,34.398,,normogravity,5,
,,54.34401981,2023-08-04 18:38:03.382,20.98301981,2023-08-04 18:38:03.078,42.24601981,2023-08-04 18:38:03.422,31.91201981,,0.344,,0.224,,0.568,,33.361000000000004,,normogravity,5,
,,54.12101981,2023-08-04 18:38:03.950,20.69601981,2023-08-04 18:38:03.646,41.39101981,2023-08-04 18:38:03.990,31.850353143333333,,0.344,,0.232,,0.56,,33.425,,normogravity,5,
,,53.94001981,2023-08-04 18:38:04.510,20.71501981,2023-08-04 18:38:04.222,41.69501981,2023-08-04 18:38:04.550,31.85135314333333,,0.328,,0.312,,0.568,,33.225,,normogravity,5,
,,54.09701981,2023-08-04 18:38:05.078,20.80701981,2023-08-04 18:38:04.862,41.82701981,2023-08-04 18:38:05.118,31.82301981,,0.256,,0.232,,0.56,,33.29,,normogravity,5,
,,54.30801981,2023-08-04 18:38:05.638,20.68601981,2023-08-04 18:38:05.350,41.67901981,2023-08-04 18:38:05.678,31.852686476666666,,0.328,,0.312,,0.56,,33.622,,normogravity,5,
,,54.39501981,2023-08-04 18:38:06.198,20.62501981,2023-08-04 18:38:05.990,41.47601981,2023-08-04 18:38:06.238,31.89035314333333,,0.248,,0.336,,0.56,,33.77,,normogravity,5,
,,54.15301981,2023-08-04 18:38:06.758,20.63801981,2023-08-04 18:38:06.574,41.90101981,2023-08-04 18:38:06.798,31.84701981,,0.224,,0.232,,0.568,,33.515,,normogravity,5,
,,52.97801981,2023-08-04 18:38:07.326,20.69401981,2023-08-04 18:38:07.030,42.85601981,2023-08-04 18:38:07.358,31.398686476666665,,0.328,,0.224,,0.56,,32.284,,normogravity,5,
,,53.93301981,2023-08-04 18:38:07.886,20.60901981,2023-08-04 18:38:07.582,41.99201981,2023-08-04 18:38:07.918,31.74301981,,0.336,,0.336,,0.552,,33.324,,normogravity,5,
,,53.55701981,2023-08-04 18:38:08.438,20.64801981,2023-08-04 18:38:08.254,41.45301981,2023-08-04 18:38:08.478,31.49101981,,0.224,,0.32,,0.56,,32.909,,normogravity,5,
,,52.93601981,2023-08-04 18:38:08.998,20.45801981,2023-08-04 18:38:08.798,41.36601981,2023-08-04 18:38:09.038,31.284686476666664,,0.24,,0.312,,0.56,,32.477999999999994,,normogravity,5,
,,52.63201981,2023-08-04 18:38:09.558,20.45901981,2023-08-04 18:38:09.350,41.14601981,2023-08-04 18:38:09.598,31.114686476666662,,0.248,,0.328,,0.56,,32.173,,normogravity,5,
,,52.55701981,2023-08-04 18:38:10.118,20.35601981,2023-08-04 18:38:09.926,41.04101981,2023-08-04 18:38:10.158,31.05701981,,0.232,,0.336,,0.56,,32.201,,normogravity,5,
,,53.36901981,2023-08-04 18:38:10.678,20.30701981,2023-08-04 18:38:10.494,40.93201981,2023-08-04 18:38:10.718,31.40435314333333,,0.224,,0.312,,0.56,,33.062,,normogravity,5,
,,52.94501981,2023-08-04 18:38:11.238,20.42201981,2023-08-04 18:38:11.030,41.08901981,2023-08-04 18:38:11.278,31.165686476666664,,0.248,,0.336,,0.56,,32.523,,normogravity,5,
,,53.10701981,2023-08-04 18:38:11.798,20.27601981,2023-08-04 18:38:11.614,40.94401981,2023-08-04 18:38:11.838,31.077686476666663,,0.224,,0.336,,0.56,,32.831,,normogravity,5,
,,52.87301981,2023-08-04 18:38:12.358,20.06301981,2023-08-04 18:38:12.174,40.67301981,2023-08-04 18:38:12.398,31.065686476666663,,0.224,,0.336,,0.56,,32.81,,normogravity,5,
,,52.72401981,2023-08-04 18:38:12.918,20.16201981,2023-08-04 18:38:12.734,40.56801981,2023-08-04 18:38:12.958,31.11001981,,0.224,,0.224,,0.56,,32.562,,normogravity,5,
,,52.20101981,2023-08-04 18:38:13.478,20.30301981,2023-08-04 18:38:13.182,39.95101981,2023-08-04 18:38:13.518,30.69235314333333,,0.336,,0.232,,0.56,,31.898,,normogravity,5,
,,52.26401981,2023-08-04 18:38:14.038,19.93801981,2023-08-04 18:38:13.750,39.70601981,2023-08-04 18:38:14.078,30.770686476666665,,0.328,,0.336,,0.56,,32.326,,normogravity,5,
,,51.54801981,2023-08-04 18:38:14.598,20.02401981,2023-08-04 18:38:14.414,39.93901981,2023-08-04 18:38:14.638,30.55001981,,0.224,,0.312,,0.56,,31.524,,normogravity,5,
,,52.44501981,2023-08-04 18:38:15.158,20.05101981,2023-08-04 18:38:14.950,40.56201981,2023-08-04 18:38:15.198,30.575686476666665,,0.248,,0.232,,0.56,,32.394,,normogravity,5,
,,52.39501981,2023-08-04 18:38:15.718,19.64101981,2023-08-04 18:38:15.430,39.88201981,2023-08-04 18:38:15.758,30.871686476666667,,0.328,,0.32,,0.56,,32.754000000000005,,normogravity,5,
,,52.54801981,2023-08-04 18:38:16.278,20.11001981,2023-08-04 18:38:16.078,40.10701981,2023-08-04 18:38:16.318,30.69935314333333,,0.24,,0.336,,0.56,,32.438,,normogravity,5,
,,52.47401981,2023-08-04 18:38:16.838,19.77501981,2023-08-04 18:38:16.654,40.05301981,2023-08-04 18:38:16.878,30.796686476666665,,0.224,,0.336,,0.56,,32.699,,normogravity,5,
,,51.65701981,2023-08-04 18:38:17.398,19.95801981,2023-08-04 18:38:17.214,39.49301981,2023-08-04 18:38:17.438,30.441686476666668,,0.224,,0.312,,0.56,,31.699,,normogravity,5,
,,51.76401981,2023-08-04 18:38:17.958,19.83401981,2023-08-04 18:38:17.750,39.45901981,2023-08-04 18:38:17.998,30.50535314333333,,0.248,,0.336,,0.56,,31.93,,normogravity,5,
,,50.81001981,2023-08-04 18:38:18.518,19.87601981,2023-08-04 18:38:18.334,38.90501981,2023-08-04 18:38:18.558,30.13001981,,0.224,,0.312,,0.56,,30.934,,normogravity,5,
,,51.88501981,2023-08-04 18:38:19.078,19.79001981,2023-08-04 18:38:18.870,39.28201981,2023-08-04 18:38:19.118,30.471686476666665,,0.248,,0.336,,0.56,,32.095,,normogravity,5,
,,51.43401981,2023-08-04 18:38:19.638,19.76501981,2023-08-04 18:38:19.454,39.22101981,2023-08-04 18:38:19.678,30.34735314333333,,0.224,,0.336,,0.56,,31.669000000000004,,normogravity,5,
,,51.47901981,2023-08-04 18:38:20.198,19.80401981,2023-08-04 18:38:20.014,39.04601981,2023-08-04 18:38:20.238,30.26901981,,0.224,,0.224,,0.56,,31.675,,normogravity,5,
,,52.16401981,2023-08-04 18:38:20.758,19.66401981,2023-08-04 18:38:20.462,39.60901981,2023-08-04 18:38:20.798,30.470686476666664,,0.336,,0.336,,0.56,,32.5,,normogravity,5,
,,51.54201981,2023-08-04 18:38:21.318,19.62401981,2023-08-04 18:38:21.134,39.37101981,2023-08-04 18:38:21.358,30.39801981,,0.224,,0.312,,0.56,,31.918,,normogravity,5,
,,51.74501981,2023-08-04 18:38:21.878,19.82601981,2023-08-04 18:38:21.670,39.21501981,2023-08-04 18:38:21.918,30.297686476666662,,0.248,,0.336,,0.56,,31.919000000000004,,normogravity,5,
,,51.38101981,2023-08-04 18:38:22.438,19.57401981,2023-08-04 18:38:22.254,38.82001981,2023-08-04 18:38:22.478,30.28635314333333,,0.224,,0.336,,0.56,,31.807,,normogravity,5,
,,51.16601981,2023-08-04 18:38:22.998,19.73901981,2023-08-04 18:38:22.814,38.55101981,2023-08-04 18:38:23.038,30.11135314333333,,0.224,,0.336,,0.56,,31.427000000000003,,normogravity,5,
,,50.45501981,2023-08-04 18:38:23.558,19.58401981,2023-08-04 18:38:23.374,37.98601981,2023-08-04 18:38:23.598,29.81301981,,0.224,,0.336,,0.56,,30.871,,normogravity,5,
,,50.21501981,2023-08-04 18:38:24.118,19.49201981,2023-08-04 18:38:23.934,38.06301981,2023-08-04 18:38:24.158,29.721686476666665,,0.224,,0.328,,0.56,,30.723000000000003,,normogravity,5,
,,50.83201981,2023-08-04 18:38:24.678,19.47501981,2023-08-04 18:38:24.486,38.33901981,2023-08-04 18:38:24.718,29.94535314333333,,0.232,,0.336,,0.56,,31.357,,normogravity,5,
,,51.07501981,2023-08-04 18:38:25.238,19.50201981,2023-08-04 18:38:25.054,38.48301981,2023-08-04 18:38:25.278,30.20968647666666,,0.224,,0.224,,0.56,,31.573,,normogravity,5,
,,51.12501981,2023-08-04 18:38:25.798,19.77701981,2023-08-04 18:38:25.502,38.77701981,2023-08-04 18:38:25.838,30.040353143333327,,0.336,,0.336,,0.56,,31.348,,normogravity,5,
,,50.88701981,2023-08-04 18:38:26.358,19.49801981,2023-08-04 18:38:26.174,37.99001981,2023-08-04 18:38:26.398,29.95035314333333,,0.224,,0.312,,0.56,,31.389,,normogravity,5,
,,50.88101981,2023-08-04 18:38:26.918,19.48201981,2023-08-04 18:38:26.710,38.26601981,2023-08-04 18:38:26.958,29.83635314333333,,0.248,,0.328,,0.56,,31.399,,normogravity,5,
,,50.43801981,2023-08-04 18:38:27.478,19.31401981,2023-08-04 18:38:27.286,37.67601981,2023-08-04 18:38:27.518,29.77201981,,0.232,,0.224,,0.56,,31.124,,normogravity,5,
,,50.64701981,2023-08-04 18:38:28.038,19.43901981,2023-08-04 18:38:27.742,37.96401981,2023-08-04 18:38:28.078,29.781686476666668,,0.336,,0.336,,0.56,,31.208,,normogravity,5,
,,50.99501981,2023-08-04 18:38:28.598,19.34901981,2023-08-04 18:38:28.414,37.94001981,2023-08-04 18:38:28.638,30.01901981,,0.224,,0.336,,0.56,,31.646,,normogravity,5,
,,50.73801981,2023-08-04 18:38:29.158,19.53101981,2023-08-04 18:38:28.974,38.10101981,2023-08-04 18:38:29.198,29.838686476666663,,0.224,,0.328,,0.56,,31.207,,normogravity,5,
,,50.25001981,2023-08-04 18:38:29.718,19.38901981,2023-08-04 18:38:29.526,38.40301981,2023-08-04 18:38:29.758,29.700686476666665,,0.232,,0.224,,0.56,,30.861,,normogravity,5,
,,51.60201981,2023-08-04 18:38:30.278,19.42601981,2023-08-04 18:38:29.982,38.56301981,2023-08-04 18:38:30.318,30.092686476666664,,0.336,,0.328,,0.56,,32.176,,normogravity,5,
,,51.90201981,2023-08-04 18:38:30.838,19.33801981,2023-08-04 18:38:30.646,38.49801981,2023-08-04 18:38:30.878,30.24601981,,0.232,,0.336,,0.56,,32.564,,normogravity,5,
,,51.19301981,2023-08-04 18:38:31.398,19.41801981,2023-08-04 18:38:31.214,38.30101981,2023-08-04 18:38:31.438,29.900353143333334,,0.224,,0.336,,0.56,,31.775,,normogravity,5,
,,50.30701981,2023-08-04 18:38:31.958,19.25401981,2023-08-04 18:38:31.774,38.04401981,2023-08-04 18:38:31.998,29.65901981,,0.224,,0.336,,0.56,,31.053,,normogravity,5,
,,49.89201981,2023-08-04 18:38:32.518,19.33501981,2023-08-04 18:38:32.334,37.43001981,2023-08-04 18:38:32.558,29.46601981,,0.224,,0.336,,0.56,,30.557,,normogravity,5,
,,50.02101981,2023-08-04 18:38:33.078,19.25301981,2023-08-04 18:38:32.894,37.39201981,2023-08-04 18:38:33.118,29.46235314333333,,0.224,,0.336,,0.56,,30.768,,normogravity,5,
,,50.04301981,2023-08-04 18:38:33.638,19.18301981,2023-08-04 18:38:33.454,37.60501981,2023-08-04 18:38:33.678,29.40235314333333,,0.224,,0.336,,0.56,,30.86,,normogravity,5,
,,49.76101981,2023-08-04 18:38:34.198,19.08201981,2023-08-04 18:38:34.014,37.70201981,2023-08-04 18:38:34.238,29.44235314333333,,0.224,,0.328,,0.56,,30.679,,normogravity,5,
,,49.80401981,2023-08-04 18:38:34.758,19.28301981,2023-08-04 18:38:34.566,37.47701981,2023-08-04 18:38:34.798,29.496686476666667,,0.232,,0.328,,0.56,,30.521,,normogravity,5,
,,50.12201981,2023-08-04 18:38:35.318,19.34301981,2023-08-04 18:38:35.126,38.03101981,2023-08-04 18:38:35.358,29.43068647666666,,0.232,,0.328,,0.56,,30.779,,normogravity,5,
,,50.33401981,2023-08-04 18:38:35.878,19.08501981,2023-08-04 18:38:35.686,38.02501981,2023-08-04 18:38:35.918,29.602686476666666,,0.232,,0.328,,0.56,,31.249,,normogravity,5,
,,50.29101981,2023-08-04 18:38:36.438,19.23701981,2023-08-04 18:38:36.246,37.73501981,2023-08-04 18:38:36.478,29.405686476666663,,0.232,,0.328,,0.56,,31.054,,normogravity,5,
,,49.87901981,2023-08-04 18:38:36.998,18.96301981,2023-08-04 18:38:36.806,37.85901981,2023-08-04 18:38:37.038,29.309686476666663,,0.232,,0.328,,0.56,,30.916000000000004,,normogravity,5,
,,49.30501981,2023-08-04 18:38:37.558,19.02501981,2023-08-04 18:38:37.366,37.49601981,2023-08-04 18:38:37.598,29.23035314333333,,0.232,,0.328,,0.56,,30.28,,normogravity,5,
,,49.60301981,2023-08-04 18:38:38.118,19.19301981,2023-08-04 18:38:37.926,37.35801981,2023-08-04 18:38:38.158,29.32501981,,0.232,,0.336,,0.56,,30.41,,normogravity,5,
,,49.32401981,2023-08-04 18:38:38.678,19.18601981,2023-08-04 18:38:38.494,37.19701981,2023-08-04 18:38:38.718,29.196686476666663,,0.224,,0.336,,0.56,,30.138,,normogravity,5,
,,50.39601981,2023-08-04 18:38:39.238,19.13301981,2023-08-04 18:38:39.054,38.31201981,2023-08-04 18:38:39.278,29.490686476666667,,0.224,,0.328,,0.56,,31.263,,normogravity,5,
,,50.08401981,2023-08-04 18:38:39.798,19.03801981,2023-08-04 18:38:39.606,37.99301981,2023-08-04 18:38:39.838,29.333353143333333,,0.232,,0.328,,0.56,,31.046,,normogravity,5,
,,49.10601981,2023-08-04 18:38:40.358,18.95801981,2023-08-04 18:38:40.166,37.57401981,2023-08-04 18:38:40.398,29.118686476666667,,0.232,,0.336,,0.56,,30.148,,normogravity,5,
,,49.77701981,2023-08-04 18:38:40.918,19.12501981,2023-08-04 18:38:40.734,37.99001981,2023-08-04 18:38:40.958,29.26835314333333,,0.224,,0.336,,0.56,,30.652,,normogravity,5,
,,50.03701981,2023-08-04 18:38:41.478,19.01401981,2023-08-04 18:38:41.294,37.99601981,2023-08-04 18:38:41.518,29.369686476666665,,0.224,,0.328,,0.56,,31.023,,normogravity,5,
,,49.72301981,2023-08-04 18:38:42.038,19.03601981,2023-08-04 18:38:41.846,37.92001981,2023-08-04 18:38:42.078,29.12101981,,0.232,,0.328,,0.56,,30.687,,normogravity,5,
,,49.12301981,2023-08-04 18:38:42.598,18.82001981,2023-08-04 18:38:42.406,37.76901981,2023-08-04 18:38:42.638,29.04901981,,0.232,,0.328,,0.552,,30.303,,normogravity,5,
,,48.26301981,2023-08-04 18:38:43.150,19.01201981,2023-08-04 18:38:42.966,37.14501981,2023-08-04 18:38:43.198,28.675686476666662,,0.232,,0.336,,0.56,,29.251,,normogravity,5,
,,48.06301981,2023-08-04 18:38:43.710,18.88201981,2023-08-04 18:38:43.534,36.85401981,2023-08-04 18:38:43.758,28.58435314333333,,0.224,,0.328,,0.56,,29.181,,normogravity,5,
,,48.70201981,2023-08-04 18:38:44.270,18.84501981,2023-08-04 18:38:44.086,37.23301981,2023-08-04 18:38:44.318,28.77601981,,0.232,,0.328,,0.568,,29.857000000000003,,normogravity,5,
,,48.41201981,2023-08-04 18:38:44.838,18.81301981,2023-08-04 18:38:44.646,37.39501981,2023-08-04 18:38:44.878,28.700019809999997,,0.232,,0.328,,0.56,,29.599,,normogravity,5,
,,48.63401981,2023-08-04 18:38:45.398,18.84401981,2023-08-04 18:38:45.206,37.86401981,2023-08-04 18:38:45.438,28.638686476666663,,0.232,,0.328,,0.56,,29.79,,normogravity,5,
,,48.87301981,2023-08-04 18:38:45.958,18.64101981,2023-08-04 18:38:45.766,37.54101981,2023-08-04 18:38:45.998,28.76835314333333,,0.232,,0.328,,0.552,,30.232000000000003,,normogravity,5,
,,48.92801981,2023-08-04 18:38:46.510,18.71601981,2023-08-04 18:38:46.326,37.89701981,2023-08-04 18:38:46.558,28.90135314333333,,0.232,,0.328,,0.56,,30.212000000000003,,normogravity,5,
,,48.72101981,2023-08-04 18:38:47.070,18.88801981,2023-08-04 18:38:46.886,37.58801981,2023-08-04 18:38:47.110,28.65635314333333,,0.224,,0.336,,0.56,,29.833,,normogravity,5,
,,48.55401981,2023-08-04 18:38:47.630,18.62401981,2023-08-04 18:38:47.446,37.33201981,2023-08-04 18:38:47.670,28.78601981,,0.224,,0.336,,0.56,,29.93,,normogravity,5,
,,48.06301981,2023-08-04 18:38:48.190,18.90201981,2023-08-04 18:38:48.006,36.96301981,2023-08-04 18:38:48.230,28.57701981,,0.224,,0.336,,0.56,,29.161,,normogravity,5,
,,47.99301981,2023-08-04 18:38:48.750,18.83401981,2023-08-04 18:38:48.566,36.91001981,2023-08-04 18:38:48.790,28.41101981,,0.224,,0.336,,0.56,,29.159,,normogravity,5,
,,48.00001981,2023-08-04 18:38:49.310,18.62001981,2023-08-04 18:38:49.126,36.82301981,2023-08-04 18:38:49.350,28.52335314333333,,0.224,,0.336,,0.56,,29.38,,normogravity,5,
,,48.38401981,2023-08-04 18:38:49.870,18.78501981,2023-08-04 18:38:49.686,36.80301981,2023-08-04 18:38:49.910,28.55201981,,0.224,,0.336,,0.56,,29.599,,normogravity,5,
,,48.44701981,2023-08-04 18:38:50.430,18.63601981,2023-08-04 18:38:50.246,37.02401981,2023-08-04 18:38:50.470,28.64035314333333,,0.224,,0.336,,0.56,,29.811,,normogravity,5,
,,48.60501981,2023-08-04 18:38:50.990,18.73701981,2023-08-04 18:38:50.806,36.98201981,2023-08-04 18:38:51.030,28.60101981,,0.224,,0.336,,0.56,,29.868,,normogravity,5,
,,48.58901981,2023-08-04 18:38:51.550,18.59901981,2023-08-04 18:38:51.366,36.67801981,2023-08-04 18:38:51.590,28.52101981,,0.224,,0.336,,0.56,,29.99,,normogravity,5,
,,48.22401981,2023-08-04 18:38:52.110,18.48701981,2023-08-04 18:38:51.926,36.25601981,2023-08-04 18:38:52.150,28.39801981,,0.224,,0.336,,0.56,,29.737,,normogravity,5,
,,48.06101981,2023-08-04 18:38:52.670,18.48501981,2023-08-04 18:38:52.486,35.99301981,2023-08-04 18:38:52.710,28.347686476666667,,0.224,,0.336,,0.56,,29.576,,normogravity,5,
,,47.83301981,2023-08-04 18:38:53.230,18.49101981,2023-08-04 18:38:53.046,36.34101981,2023-08-04 18:38:53.270,28.419686476666666,,0.224,,0.336,,0.56,,29.342,,normogravity,5,
,,48.32701981,2023-08-04 18:38:53.790,18.71301981,2023-08-04 18:38:53.606,36.32801981,2023-08-04 18:38:53.830,28.417686476666667,,0.224,,0.336,,0.56,,29.614000000000004,,normogravity,5,
,,48.32001981,2023-08-04 18:38:54.350,18.46301981,2023-08-04 18:38:54.166,36.66701981,2023-08-04 18:38:54.390,28.49801981,,0.224,,0.336,,0.56,,29.857,,normogravity,5,
,,48.64201981,2023-08-04 18:38:54.910,18.58701981,2023-08-04 18:38:54.726,36.31501981,2023-08-04 18:38:54.950,28.567353143333328,,0.224,,0.336,,0.56,,30.055,,normogravity,5,
,,48.87101981,2023-08-04 18:38:55.470,18.53001981,2023-08-04 18:38:55.286,36.19801981,2023-08-04 18:38:55.510,28.58235314333333,,0.224,,0.336,,0.56,,30.341,,normogravity,5,
,,48.08401981,2023-08-04 18:38:56.030,18.43801981,2023-08-04 18:38:55.846,36.01501981,2023-08-04 18:38:56.070,28.288019809999994,,0.224,,0.336,,0.56,,29.646,,normogravity,5,
,,48.21301981,2023-08-04 18:38:56.590,18.39001981,2023-08-04 18:38:56.406,35.83601981,2023-08-04 18:38:56.630,28.37635314333333,,0.224,,0.336,,0.56,,29.823,,normogravity,5,
,,47.85901981,2023-08-04 18:38:57.150,18.45801981,2023-08-04 18:38:56.966,35.49901981,2023-08-04 18:38:57.190,28.293686476666664,,0.224,,0.336,,0.56,,29.401,,normogravity,5,
,,47.95501981,2023-08-04 18:38:57.710,18.51101981,2023-08-04 18:38:57.526,35.58901981,2023-08-04 18:38:57.750,28.13501981,,0.224,,0.336,,0.56,,29.444000000000003,,normogravity,5,
,,47.75201981,2023-08-04 18:38:58.270,18.22501981,2023-08-04 18:38:58.086,35.71401981,2023-08-04 18:38:58.310,28.184686476666663,,0.224,,0.336,,0.56,,29.527,,normogravity,5,
,,48.18801981,2023-08-04 18:38:58.830,18.40101981,2023-08-04 18:38:58.646,35.82001981,2023-08-04 18:38:58.870,28.290686476666664,,0.224,,0.336,,0.56,,29.787,,normogravity,5,
,,47.55301981,2023-08-04 18:38:59.390,18.34201981,2023-08-04 18:38:59.206,35.23801981,2023-08-04 18:38:59.430,28.118353143333334,,0.224,,0.336,,0.56,,29.211,,normogravity,5,
,,47.45901981,2023-08-04 18:38:59.950,18.40101981,2023-08-04 18:38:59.766,35.06001981,2023-08-04 18:38:59.990,28.02501981,,0.224,,0.336,,0.56,,29.058,,normogravity,5,
,,47.77701981,2023-08-04 18:39:00.510,18.30801981,2023-08-04 18:39:00.326,34.84801981,2023-08-04 18:39:00.550,28.221686476666665,,0.224,,0.336,,0.56,,29.469,,normogravity,5,
,,47.39301981,2023-08-04 18:39:01.070,18.44401981,2023-08-04 18:39:00.886,34.75101981,2023-08-04 18:39:01.110,28.09301981,,0.224,,0.336,,0.56,,28.949,,normogravity,5,
,,47.49901981,2023-08-04 18:39:01.630,18.44301981,2023-08-04 18:39:01.446,34.61201981,2023-08-04 18:39:01.670,28.080353143333333,,0.224,,0.336,,0.56,,29.056,,normogravity,5,
,,47.22901981,2023-08-04 18:39:02.190,18.37101981,2023-08-04 18:39:02.006,34.66001981,2023-08-04 18:39:02.230,28.022353143333333,,0.224,,0.336,,0.56,,28.858,,normogravity,5,
,,47.97101981,2023-08-04 18:39:02.750,18.41901981,2023-08-04 18:39:02.566,34.72901981,2023-08-04 18:39:02.790,28.10501981,,0.224,,0.336,,0.56,,29.552,,normogravity,5,
,,47.88701981,2023-08-04 18:39:03.310,18.17201981,2023-08-04 18:39:03.126,34.95401981,2023-08-04 18:39:03.350,28.129686476666663,,0.224,,0.336,,0.56,,29.715,,normogravity,5,
,,47.17801981,2023-08-04 18:39:03.870,18.25101981,2023-08-04 18:39:03.686,34.89501981,2023-08-04 18:39:03.910,27.905353143333333,,0.224,,0.328,,0.56,,28.927000000000003,,normogravity,5,
,,47.80901981,2023-08-04 18:39:04.430,18.26901981,2023-08-04 18:39:04.238,34.88701981,2023-08-04 18:39:04.470,28.06101981,,0.232,,0.336,,0.56,,29.540000000000003,,normogravity,5,
,,47.35901981,2023-08-04 18:39:04.990,18.18701981,2023-08-04 18:39:04.806,34.76801981,2023-08-04 18:39:05.030,27.92835314333333,,0.224,,0.336,,0.56,,29.172,,normogravity,5,
,,47.21401981,2023-08-04 18:39:05.550,18.21301981,2023-08-04 18:39:05.366,34.71401981,2023-08-04 18:39:05.590,27.81601981,,0.224,,0.336,,0.56,,29.001000000000005,,normogravity,5,
,,47.67201981,2023-08-04 18:39:06.110,18.11701981,2023-08-04 18:39:05.926,35.20901981,2023-08-04 18:39:06.150,28.05601981,,0.224,,0.336,,0.56,,29.555000000000003,,normogravity,5,
,,47.72101981,2023-08-04 18:39:06.670,18.24801981,2023-08-04 18:39:06.486,35.25601981,2023-08-04 18:39:06.710,28.074353143333333,,0.224,,0.336,,0.56,,29.473000000000003,,normogravity,5,
,,47.95101981,2023-08-04 18:39:07.230,18.25101981,2023-08-04 18:39:07.046,35.38901981,2023-08-04 18:39:07.270,28.049686476666665,,0.224,,0.336,,0.56,,29.7,,normogravity,5,
,,48.07901981,2023-08-04 18:39:07.790,18.09901981,2023-08-04 18:39:07.606,35.28001981,2023-08-04 18:39:07.830,28.199686476666663,,0.224,,0.336,,0.56,,29.98,,normogravity,5,
,,47.44401981,2023-08-04 18:39:08.350,18.26001981,2023-08-04 18:39:08.166,35.06601981,2023-08-04 18:39:08.390,27.978686476666667,,0.224,,0.336,,0.56,,29.184,,normogravity,5,
,,47.46901981,2023-08-04 18:39:08.910,18.24601981,2023-08-04 18:39:08.726,34.67601981,2023-08-04 18:39:08.950,28.04301981,,0.224,,0.336,,0.56,,29.223,,normogravity,5,
,,46.67301981,2023-08-04 18:39:09.470,18.33001981,2023-08-04 18:39:09.286,34.24501981,2023-08-04 18:39:09.510,27.715686476666665,,0.224,,0.328,,0.56,,28.343,,normogravity,5,
,,46.33301981,2023-08-04 18:39:10.030,18.23701981,2023-08-04 18:39:09.838,34.13301981,2023-08-04 18:39:10.070,27.606353143333333,,0.232,,0.336,,0.56,,28.096000000000004,,normogravity,5,
,,46.33001981,2023-08-04 18:39:10.590,18.24301981,2023-08-04 18:39:10.406,34.02101981,2023-08-04 18:39:10.630,27.600686476666667,,0.224,,0.336,,0.56,,28.087000000000003,,normogravity,5,
,,46.14301981,2023-08-04 18:39:11.150,18.23601981,2023-08-04 18:39:10.966,34.21601981,2023-08-04 18:39:11.190,27.419686476666666,,0.224,,0.336,,0.56,,27.907,,normogravity,5,
,,46.23401981,2023-08-04 18:39:11.710,18.05801981,2023-08-04 18:39:11.526,33.76601981,2023-08-04 18:39:11.750,27.45135314333333,,0.224,,0.336,,0.56,,28.176,,normogravity,5,
,,47.20401981,2023-08-04 18:39:12.270,18.06001981,2023-08-04 18:39:12.086,34.00101981,2023-08-04 18:39:12.310,27.782686476666665,,0.224,,0.336,,0.56,,29.144,,normogravity,5,
,,47.29701981,2023-08-04 18:39:12.830,18.07201981,2023-08-04 18:39:12.646,34.42501981,2023-08-04 18:39:12.870,27.819686476666668,,0.224,,0.328,,0.56,,29.225,,normogravity,5,
,,47.09601981,2023-08-04 18:39:13.390,18.08101981,2023-08-04 18:39:13.198,34.73901981,2023-08-04 18:39:13.430,27.751353143333333,,0.232,,0.328,,0.56,,29.015,,normogravity,5,
,,46.70901981,2023-08-04 18:39:13.950,18.07901981,2023-08-04 18:39:13.758,34.20901981,2023-08-04 18:39:13.990,27.62701981,,0.232,,0.328,,0.56,,28.630000000000003,,normogravity,5,
,,46.96401981,2023-08-04 18:39:14.510,18.08601981,2023-08-04 18:39:14.318,34.72901981,2023-08-04 18:39:14.550,27.67001981,,0.232,,0.336,,0.56,,28.878000000000004,,normogravity,5,
,,46.14301981,2023-08-04 18:39:15.070,18.02301981,2023-08-04 18:39:14.886,34.01701981,2023-08-04 18:39:15.110,27.42101981,,0.224,,0.336,,0.56,,28.12,,normogravity,5,
,,46.98801981,2023-08-04 18:39:15.630,18.06001981,2023-08-04 18:39:15.446,34.14601981,2023-08-04 18:39:15.670,27.68535314333333,,0.224,,0.336,,0.56,,28.928,,normogravity,5,
,,46.24601981,2023-08-04 18:39:16.190,18.03401981,2023-08-04 18:39:16.006,34.25001981,2023-08-04 18:39:16.230,27.41001981,,0.224,,0.328,,0.56,,28.212,,normogravity,5,
,,46.07601981,2023-08-04 18:39:16.750,17.99201981,2023-08-04 18:39:16.558,33.60801981,2023-08-04 18:39:16.790,27.372686476666665,,0.232,,0.336,,0.56,,28.084,,normogravity,5,
,,46.26801981,2023-08-04 18:39:17.310,18.02101981,2023-08-04 18:39:17.126,33.85101981,2023-08-04 18:39:17.350,27.27801981,,0.224,,0.336,,0.56,,28.247,,normogravity,5,
,,45.85701981,2023-08-04 18:39:17.870,17.78301981,2023-08-04 18:39:17.686,33.44601981,2023-08-04 18:39:17.910,27.15835314333333,,0.224,,0.328,,0.56,,28.074,,normogravity,5,
,,45.75601981,2023-08-04 18:39:18.430,17.80901981,2023-08-04 18:39:18.238,33.66701981,2023-08-04 18:39:18.470,27.147353143333333,,0.232,,0.336,,0.56,,27.947,,normogravity,5,
,,45.80101981,2023-08-04 18:39:18.990,17.84301981,2023-08-04 18:39:18.806,33.60101981,2023-08-04 18:39:19.030,27.16101981,,0.224,,0.328,,0.56,,27.958,,normogravity,5,
,,45.84701981,2023-08-04 18:39:19.550,17.84101981,2023-08-04 18:39:19.358,33.66601981,2023-08-04 18:39:19.590,27.241686476666665,,0.232,,0.328,,0.552,,28.006,,normogravity,5,
,,45.20001981,2023-08-04 18:39:20.102,17.93901981,2023-08-04 18:39:19.918,34.18301981,2023-08-04 18:39:20.150,26.98935314333333,,0.232,,0.328,,0.568,,27.261,,normogravity,5,
,,45.85301981,2023-08-04 18:39:20.670,17.88401981,2023-08-04 18:39:20.478,34.00701981,2023-08-04 18:39:20.710,27.157686476666665,,0.232,,0.328,,0.552,,27.969,,normogravity,5,
,,45.89201981,2023-08-04 18:39:21.222,17.81001981,2023-08-04 18:39:21.038,34.04201981,2023-08-04 18:39:21.270,27.15601981,,0.232,,0.328,,0.568,,28.082,,normogravity,5,
,,45.77101981,2023-08-04 18:39:21.790,17.78801981,2023-08-04 18:39:21.598,34.06701981,2023-08-04 18:39:21.830,27.257686476666663,,0.232,,0.336,,0.552,,27.983,,normogravity,5,
,,45.45301981,2023-08-04 18:39:22.342,18.00101981,2023-08-04 18:39:22.166,34.00301981,2023-08-04 18:39:22.390,27.02501981,,0.224,,0.336,,0.56,,27.452,,normogravity,5,
,,45.71001981,2023-08-04 18:39:22.902,17.81101981,2023-08-04 18:39:22.726,33.72301981,2023-08-04 18:39:22.950,27.14801981,,0.224,,0.328,,0.56,,27.899,,normogravity,5,
,,45.67101981,2023-08-04 18:39:23.462,17.86701981,2023-08-04 18:39:23.278,34.00001981,2023-08-04 18:39:23.510,27.13435314333333,,0.232,,0.328,,0.56,,27.804,,normogravity,5,
,,45.43901981,2023-08-04 18:39:24.022,17.86601981,2023-08-04 18:39:23.838,33.84301981,2023-08-04 18:39:24.070,27.04701981,,0.232,,0.328,,0.56,,27.573,,normogravity,5,
,,45.64101981,2023-08-04 18:39:24.582,17.85101981,2023-08-04 18:39:24.398,34.03101981,2023-08-04 18:39:24.630,27.030353143333333,,0.232,,0.328,,0.56,,27.790000000000003,,normogravity,5,
,,45.10701981,2023-08-04 18:39:25.142,17.72501981,2023-08-04 18:39:24.958,33.69001981,2023-08-04 18:39:25.190,26.86635314333333,,0.232,,0.328,,0.56,,27.382,,normogravity,5,
,,45.51201981,2023-08-04 18:39:25.702,17.74601981,2023-08-04 18:39:25.518,33.53601981,2023-08-04 18:39:25.750,27.044686476666666,,0.232,,0.328,,0.568,,27.766,,normogravity,5,
,,45.46101981,2023-08-04 18:39:26.270,17.81101981,2023-08-04 18:39:26.078,34.11201981,2023-08-04 18:39:26.310,27.09101981,,0.232,,0.328,,0.552,,27.65,,normogravity,5,
,,45.46501981,2023-08-04 18:39:26.822,17.90601981,2023-08-04 18:39:26.638,34.47701981,2023-08-04 18:39:26.870,26.91101981,,0.232,,0.328,,0.56,,27.559,,normogravity,5,
,,45.24101981,2023-08-04 18:39:27.382,17.63401981,2023-08-04 18:39:27.198,34.33401981,2023-08-04 18:39:27.430,26.95635314333333,,0.232,,0.328,,0.56,,27.607,,normogravity,5,
,,45.65001981,2023-08-04 18:39:27.942,17.81401981,2023-08-04 18:39:27.758,34.53501981,2023-08-04 18:39:27.990,27.122686476666665,,0.232,,0.336,,0.56,,27.836,,normogravity,5,
,,45.40701981,2023-08-04 18:39:28.502,17.85901981,2023-08-04 18:39:28.326,34.51101981,2023-08-04 18:39:28.542,26.92435314333333,,0.216,,0.336,,0.56,,27.548,,normogravity,5,
,,45.23301981,2023-08-04 18:39:29.062,17.68301981,2023-08-04 18:39:28.878,34.45201981,2023-08-04 18:39:29.102,26.89501981,,0.224,,0.336,,0.56,,27.55,,normogravity,5,
,,45.44801981,2023-08-04 18:39:29.622,17.72601981,2023-08-04 18:39:29.438,34.41301981,2023-08-04 18:39:29.670,26.88335314333333,,0.232,,0.328,,0.56,,27.722,,normogravity,5,
,,45.62101981,2023-08-04 18:39:30.182,17.60101981,2023-08-04 18:39:29.998,34.08301981,2023-08-04 18:39:30.222,26.999686476666668,,0.224,,0.336,,0.56,,28.02,,normogravity,5,
,,45.56801981,2023-08-04 18:39:30.742,17.68901981,2023-08-04 18:39:30.558,33.77201981,2023-08-04 18:39:30.782,26.93335314333333,,0.224,,0.336,,0.56,,27.879,,normogravity,5,
,,45.03201981,2023-08-04 18:39:31.302,17.61601981,2023-08-04 18:39:31.118,34.02401981,2023-08-04 18:39:31.342,26.87735314333333,,0.224,,0.336,,0.56,,27.416,,normogravity,5,
,,44.54801981,2023-08-04 18:39:31.862,17.80001981,2023-08-04 18:39:31.678,33.37701981,2023-08-04 18:39:31.902,26.565353143333333,,0.224,,0.336,,0.56,,26.748,,normogravity,5,
,,45.01101981,2023-08-04 18:39:32.422,17.57401981,2023-08-04 18:39:32.238,32.79901981,2023-08-04 18:39:32.462,26.81435314333333,,0.224,,0.336,,0.56,,27.437,,normogravity,5,
,,44.38101981,2023-08-04 18:39:32.982,17.71601981,2023-08-04 18:39:32.798,32.96201981,2023-08-04 18:39:33.022,26.66635314333333,,0.224,,0.336,,0.56,,26.665,,normogravity,5,
,,45.39701981,2023-08-04 18:39:33.542,17.80901981,2023-08-04 18:39:33.358,34.03301981,2023-08-04 18:39:33.582,26.879686476666667,,0.224,,0.336,,0.56,,27.588000000000005,,normogravity,5,
,,44.75001981,2023-08-04 18:39:34.102,17.62101981,2023-08-04 18:39:33.918,33.17001981,2023-08-04 18:39:34.142,26.68535314333333,,0.224,,0.336,,0.56,,27.129,,normogravity,5,
,,45.25501981,2023-08-04 18:39:34.662,17.65301981,2023-08-04 18:39:34.478,33.92301981,2023-08-04 18:39:34.702,26.731686476666667,,0.224,,0.336,,0.56,,27.602,,normogravity,5,
,,45.10801981,2023-08-04 18:39:35.222,17.47001981,2023-08-04 18:39:35.038,33.14601981,2023-08-04 18:39:35.262,26.77401981,,0.224,,0.336,,0.56,,27.638,,normogravity,5,
,,44.43801981,2023-08-04 18:39:35.782,17.60701981,2023-08-04 18:39:35.598,32.67901981,2023-08-04 18:39:35.822,26.49335314333333,,0.224,,0.336,,0.56,,26.831,,normogravity,5,
,,44.54501981,2023-08-04 18:39:36.342,17.52101981,2023-08-04 18:39:36.158,32.39801981,2023-08-04 18:39:36.382,,,0.224,,,,,,27.024,,normogravity,5,
